id_torneo_ronda,tourney key,round
US OPEN - 2000 - W,US OPEN - 2000,W
US OPEN - 2001 - W,US OPEN - 2001,W
US OPEN - 2002 - W,US OPEN - 2002,W
US OPEN - 2003 - W,US OPEN - 2003,W
US OPEN - 2004 - W,US OPEN - 2004,W
US OPEN - 2005 - W,US OPEN - 2005,W
US OPEN - 2006 - W,US OPEN - 2006,W
US OPEN - 2007 - W,US OPEN - 2007,W
US OPEN - 2008 - W,US OPEN - 2008,W
US OPEN - 2009 - W,US OPEN - 2009,W
US OPEN - 2010 - W,US OPEN - 2010,W
US OPEN - 2011 - W,US OPEN - 2011,W
US OPEN - 2012 - W,US OPEN - 2012,W
US OPEN - 2013 - W,US OPEN - 2013,W
US OPEN - 2014 - W,US OPEN - 2014,W
US OPEN - 2015 - W,US OPEN - 2015,W
US OPEN - 2016 - W,US OPEN - 2016,W
US OPEN - 2017 - W,US OPEN - 2017,W
US OPEN - 2018 - W,US OPEN - 2018,W
US OPEN - 2019 - W,US OPEN - 2019,W
US OPEN - 2020 - W,US OPEN - 2020,W
US OPEN - 2021 - W,US OPEN - 2021,W
US OPEN - 2022 - W,US OPEN - 2022,W
US OPEN - 2023 - W,US OPEN - 2023,W
US OPEN - 2024 - W,US OPEN - 2024,W
ROLAND GARROS - 2000 - W,ROLAND GARROS - 2000,W
ROLAND GARROS - 2001 - W,ROLAND GARROS - 2001,W
ROLAND GARROS - 2002 - W,ROLAND GARROS - 2002,W
ROLAND GARROS - 2003 - W,ROLAND GARROS - 2003,W
ROLAND GARROS - 2004 - W,ROLAND GARROS - 2004,W
ROLAND GARROS - 2005 - W,ROLAND GARROS - 2005,W
ROLAND GARROS - 2006 - W,ROLAND GARROS - 2006,W
ROLAND GARROS - 2007 - W,ROLAND GARROS - 2007,W
ROLAND GARROS - 2008 - W,ROLAND GARROS - 2008,W
ROLAND GARROS - 2009 - W,ROLAND GARROS - 2009,W
ROLAND GARROS - 2010 - W,ROLAND GARROS - 2010,W
ROLAND GARROS - 2011 - W,ROLAND GARROS - 2011,W
ROLAND GARROS - 2012 - W,ROLAND GARROS - 2012,W
ROLAND GARROS - 2013 - W,ROLAND GARROS - 2013,W
ROLAND GARROS - 2014 - W,ROLAND GARROS - 2014,W
ROLAND GARROS - 2015 - W,ROLAND GARROS - 2015,W
ROLAND GARROS - 2016 - W,ROLAND GARROS - 2016,W
ROLAND GARROS - 2017 - W,ROLAND GARROS - 2017,W
ROLAND GARROS - 2018 - W,ROLAND GARROS - 2018,W
ROLAND GARROS - 2019 - W,ROLAND GARROS - 2019,W
ROLAND GARROS - 2020 - W,ROLAND GARROS - 2020,W
ROLAND GARROS - 2021 - W,ROLAND GARROS - 2021,W
ROLAND GARROS - 2022 - W,ROLAND GARROS - 2022,W
ROLAND GARROS - 2023 - W,ROLAND GARROS - 2023,W
ROLAND GARROS - 2024 - W,ROLAND GARROS - 2024,W
WIMBLEDON - 2000 - W,WIMBLEDON - 2000,W
WIMBLEDON - 2001 - W,WIMBLEDON - 2001,W
WIMBLEDON - 2002 - W,WIMBLEDON - 2002,W
WIMBLEDON - 2003 - W,WIMBLEDON - 2003,W
WIMBLEDON - 2004 - W,WIMBLEDON - 2004,W
WIMBLEDON - 2005 - W,WIMBLEDON - 2005,W
WIMBLEDON - 2006 - W,WIMBLEDON - 2006,W
WIMBLEDON - 2007 - W,WIMBLEDON - 2007,W
WIMBLEDON - 2008 - W,WIMBLEDON - 2008,W
WIMBLEDON - 2009 - W,WIMBLEDON - 2009,W
WIMBLEDON - 2010 - W,WIMBLEDON - 2010,W
WIMBLEDON - 2011 - W,WIMBLEDON - 2011,W
WIMBLEDON - 2012 - W,WIMBLEDON - 2012,W
WIMBLEDON - 2013 - W,WIMBLEDON - 2013,W
WIMBLEDON - 2014 - W,WIMBLEDON - 2014,W
WIMBLEDON - 2015 - W,WIMBLEDON - 2015,W
WIMBLEDON - 2016 - W,WIMBLEDON - 2016,W
WIMBLEDON - 2017 - W,WIMBLEDON - 2017,W
WIMBLEDON - 2018 - W,WIMBLEDON - 2018,W
WIMBLEDON - 2019 - W,WIMBLEDON - 2019,W
WIMBLEDON - 2020 - W,WIMBLEDON - 2020,W
WIMBLEDON - 2021 - W,WIMBLEDON - 2021,W
WIMBLEDON - 2022 - W,WIMBLEDON - 2022,W
WIMBLEDON - 2023 - W,WIMBLEDON - 2023,W
WIMBLEDON - 2024 - W,WIMBLEDON - 2024,W
AUSTRALIAN OPEN - 2000 - W,AUSTRALIAN OPEN - 2000,W
AUSTRALIAN OPEN - 2001 - W,AUSTRALIAN OPEN - 2001,W
AUSTRALIAN OPEN - 2002 - W,AUSTRALIAN OPEN - 2002,W
AUSTRALIAN OPEN - 2003 - W,AUSTRALIAN OPEN - 2003,W
AUSTRALIAN OPEN - 2004 - W,AUSTRALIAN OPEN - 2004,W
AUSTRALIAN OPEN - 2005 - W,AUSTRALIAN OPEN - 2005,W
AUSTRALIAN OPEN - 2006 - W,AUSTRALIAN OPEN - 2006,W
AUSTRALIAN OPEN - 2007 - W,AUSTRALIAN OPEN - 2007,W
AUSTRALIAN OPEN - 2008 - W,AUSTRALIAN OPEN - 2008,W
AUSTRALIAN OPEN - 2009 - W,AUSTRALIAN OPEN - 2009,W
AUSTRALIAN OPEN - 2010 - W,AUSTRALIAN OPEN - 2010,W
AUSTRALIAN OPEN - 2011 - W,AUSTRALIAN OPEN - 2011,W
AUSTRALIAN OPEN - 2012 - W,AUSTRALIAN OPEN - 2012,W
AUSTRALIAN OPEN - 2013 - W,AUSTRALIAN OPEN - 2013,W
AUSTRALIAN OPEN - 2014 - W,AUSTRALIAN OPEN - 2014,W
AUSTRALIAN OPEN - 2015 - W,AUSTRALIAN OPEN - 2015,W
AUSTRALIAN OPEN - 2016 - W,AUSTRALIAN OPEN - 2016,W
AUSTRALIAN OPEN - 2017 - W,AUSTRALIAN OPEN - 2017,W
AUSTRALIAN OPEN - 2018 - W,AUSTRALIAN OPEN - 2018,W
AUSTRALIAN OPEN - 2019 - W,AUSTRALIAN OPEN - 2019,W
AUSTRALIAN OPEN - 2020 - W,AUSTRALIAN OPEN - 2020,W
AUSTRALIAN OPEN - 2021 - W,AUSTRALIAN OPEN - 2021,W
AUSTRALIAN OPEN - 2022 - W,AUSTRALIAN OPEN - 2022,W
AUSTRALIAN OPEN - 2023 - W,AUSTRALIAN OPEN - 2023,W
AUSTRALIAN OPEN - 2024 - W,AUSTRALIAN OPEN - 2024,W
US OPEN - 2000 - F,US OPEN - 2000,F
US OPEN - 2001 - F,US OPEN - 2001,F
US OPEN - 2002 - F,US OPEN - 2002,F
US OPEN - 2003 - F,US OPEN - 2003,F
US OPEN - 2004 - F,US OPEN - 2004,F
US OPEN - 2005 - F,US OPEN - 2005,F
US OPEN - 2006 - F,US OPEN - 2006,F
US OPEN - 2007 - F,US OPEN - 2007,F
US OPEN - 2008 - F,US OPEN - 2008,F
US OPEN - 2009 - F,US OPEN - 2009,F
US OPEN - 2010 - F,US OPEN - 2010,F
US OPEN - 2011 - F,US OPEN - 2011,F
US OPEN - 2012 - F,US OPEN - 2012,F
US OPEN - 2013 - F,US OPEN - 2013,F
US OPEN - 2014 - F,US OPEN - 2014,F
US OPEN - 2015 - F,US OPEN - 2015,F
US OPEN - 2016 - F,US OPEN - 2016,F
US OPEN - 2017 - F,US OPEN - 2017,F
US OPEN - 2018 - F,US OPEN - 2018,F
US OPEN - 2019 - F,US OPEN - 2019,F
US OPEN - 2020 - F,US OPEN - 2020,F
US OPEN - 2021 - F,US OPEN - 2021,F
US OPEN - 2022 - F,US OPEN - 2022,F
US OPEN - 2023 - F,US OPEN - 2023,F
US OPEN - 2024 - F,US OPEN - 2024,F
ROLAND GARROS - 2000 - F,ROLAND GARROS - 2000,F
ROLAND GARROS - 2001 - F,ROLAND GARROS - 2001,F
ROLAND GARROS - 2002 - F,ROLAND GARROS - 2002,F
ROLAND GARROS - 2003 - F,ROLAND GARROS - 2003,F
ROLAND GARROS - 2004 - F,ROLAND GARROS - 2004,F
ROLAND GARROS - 2005 - F,ROLAND GARROS - 2005,F
ROLAND GARROS - 2006 - F,ROLAND GARROS - 2006,F
ROLAND GARROS - 2007 - F,ROLAND GARROS - 2007,F
ROLAND GARROS - 2008 - F,ROLAND GARROS - 2008,F
ROLAND GARROS - 2009 - F,ROLAND GARROS - 2009,F
ROLAND GARROS - 2010 - F,ROLAND GARROS - 2010,F
ROLAND GARROS - 2011 - F,ROLAND GARROS - 2011,F
ROLAND GARROS - 2012 - F,ROLAND GARROS - 2012,F
ROLAND GARROS - 2013 - F,ROLAND GARROS - 2013,F
ROLAND GARROS - 2014 - F,ROLAND GARROS - 2014,F
ROLAND GARROS - 2015 - F,ROLAND GARROS - 2015,F
ROLAND GARROS - 2016 - F,ROLAND GARROS - 2016,F
ROLAND GARROS - 2017 - F,ROLAND GARROS - 2017,F
ROLAND GARROS - 2018 - F,ROLAND GARROS - 2018,F
ROLAND GARROS - 2019 - F,ROLAND GARROS - 2019,F
ROLAND GARROS - 2020 - F,ROLAND GARROS - 2020,F
ROLAND GARROS - 2021 - F,ROLAND GARROS - 2021,F
ROLAND GARROS - 2022 - F,ROLAND GARROS - 2022,F
ROLAND GARROS - 2023 - F,ROLAND GARROS - 2023,F
ROLAND GARROS - 2024 - F,ROLAND GARROS - 2024,F
WIMBLEDON - 2000 - F,WIMBLEDON - 2000,F
WIMBLEDON - 2001 - F,WIMBLEDON - 2001,F
WIMBLEDON - 2002 - F,WIMBLEDON - 2002,F
WIMBLEDON - 2003 - F,WIMBLEDON - 2003,F
WIMBLEDON - 2004 - F,WIMBLEDON - 2004,F
WIMBLEDON - 2005 - F,WIMBLEDON - 2005,F
WIMBLEDON - 2006 - F,WIMBLEDON - 2006,F
WIMBLEDON - 2007 - F,WIMBLEDON - 2007,F
WIMBLEDON - 2008 - F,WIMBLEDON - 2008,F
WIMBLEDON - 2009 - F,WIMBLEDON - 2009,F
WIMBLEDON - 2010 - F,WIMBLEDON - 2010,F
WIMBLEDON - 2011 - F,WIMBLEDON - 2011,F
WIMBLEDON - 2012 - F,WIMBLEDON - 2012,F
WIMBLEDON - 2013 - F,WIMBLEDON - 2013,F
WIMBLEDON - 2014 - F,WIMBLEDON - 2014,F
WIMBLEDON - 2015 - F,WIMBLEDON - 2015,F
WIMBLEDON - 2016 - F,WIMBLEDON - 2016,F
WIMBLEDON - 2017 - F,WIMBLEDON - 2017,F
WIMBLEDON - 2018 - F,WIMBLEDON - 2018,F
WIMBLEDON - 2019 - F,WIMBLEDON - 2019,F
WIMBLEDON - 2020 - F,WIMBLEDON - 2020,F
WIMBLEDON - 2021 - F,WIMBLEDON - 2021,F
WIMBLEDON - 2022 - F,WIMBLEDON - 2022,F
WIMBLEDON - 2023 - F,WIMBLEDON - 2023,F
WIMBLEDON - 2024 - F,WIMBLEDON - 2024,F
AUSTRALIAN OPEN - 2000 - F,AUSTRALIAN OPEN - 2000,F
AUSTRALIAN OPEN - 2001 - F,AUSTRALIAN OPEN - 2001,F
AUSTRALIAN OPEN - 2002 - F,AUSTRALIAN OPEN - 2002,F
AUSTRALIAN OPEN - 2003 - F,AUSTRALIAN OPEN - 2003,F
AUSTRALIAN OPEN - 2004 - F,AUSTRALIAN OPEN - 2004,F
AUSTRALIAN OPEN - 2005 - F,AUSTRALIAN OPEN - 2005,F
AUSTRALIAN OPEN - 2006 - F,AUSTRALIAN OPEN - 2006,F
AUSTRALIAN OPEN - 2007 - F,AUSTRALIAN OPEN - 2007,F
AUSTRALIAN OPEN - 2008 - F,AUSTRALIAN OPEN - 2008,F
AUSTRALIAN OPEN - 2009 - F,AUSTRALIAN OPEN - 2009,F
AUSTRALIAN OPEN - 2010 - F,AUSTRALIAN OPEN - 2010,F
AUSTRALIAN OPEN - 2011 - F,AUSTRALIAN OPEN - 2011,F
AUSTRALIAN OPEN - 2012 - F,AUSTRALIAN OPEN - 2012,F
AUSTRALIAN OPEN - 2013 - F,AUSTRALIAN OPEN - 2013,F
AUSTRALIAN OPEN - 2014 - F,AUSTRALIAN OPEN - 2014,F
AUSTRALIAN OPEN - 2015 - F,AUSTRALIAN OPEN - 2015,F
AUSTRALIAN OPEN - 2016 - F,AUSTRALIAN OPEN - 2016,F
AUSTRALIAN OPEN - 2017 - F,AUSTRALIAN OPEN - 2017,F
AUSTRALIAN OPEN - 2018 - F,AUSTRALIAN OPEN - 2018,F
AUSTRALIAN OPEN - 2019 - F,AUSTRALIAN OPEN - 2019,F
AUSTRALIAN OPEN - 2020 - F,AUSTRALIAN OPEN - 2020,F
AUSTRALIAN OPEN - 2021 - F,AUSTRALIAN OPEN - 2021,F
AUSTRALIAN OPEN - 2022 - F,AUSTRALIAN OPEN - 2022,F
AUSTRALIAN OPEN - 2023 - F,AUSTRALIAN OPEN - 2023,F
AUSTRALIAN OPEN - 2024 - F,AUSTRALIAN OPEN - 2024,F
US OPEN - 2000 - SF,US OPEN - 2000,SF
US OPEN - 2001 - SF,US OPEN - 2001,SF
US OPEN - 2002 - SF,US OPEN - 2002,SF
US OPEN - 2003 - SF,US OPEN - 2003,SF
US OPEN - 2004 - SF,US OPEN - 2004,SF
US OPEN - 2005 - SF,US OPEN - 2005,SF
US OPEN - 2006 - SF,US OPEN - 2006,SF
US OPEN - 2007 - SF,US OPEN - 2007,SF
US OPEN - 2008 - SF,US OPEN - 2008,SF
US OPEN - 2009 - SF,US OPEN - 2009,SF
US OPEN - 2010 - SF,US OPEN - 2010,SF
US OPEN - 2011 - SF,US OPEN - 2011,SF
US OPEN - 2012 - SF,US OPEN - 2012,SF
US OPEN - 2013 - SF,US OPEN - 2013,SF
US OPEN - 2014 - SF,US OPEN - 2014,SF
US OPEN - 2015 - SF,US OPEN - 2015,SF
US OPEN - 2016 - SF,US OPEN - 2016,SF
US OPEN - 2017 - SF,US OPEN - 2017,SF
US OPEN - 2018 - SF,US OPEN - 2018,SF
US OPEN - 2019 - SF,US OPEN - 2019,SF
US OPEN - 2020 - SF,US OPEN - 2020,SF
US OPEN - 2021 - SF,US OPEN - 2021,SF
US OPEN - 2022 - SF,US OPEN - 2022,SF
US OPEN - 2023 - SF,US OPEN - 2023,SF
US OPEN - 2024 - SF,US OPEN - 2024,SF
ROLAND GARROS - 2000 - SF,ROLAND GARROS - 2000,SF
ROLAND GARROS - 2001 - SF,ROLAND GARROS - 2001,SF
ROLAND GARROS - 2002 - SF,ROLAND GARROS - 2002,SF
ROLAND GARROS - 2003 - SF,ROLAND GARROS - 2003,SF
ROLAND GARROS - 2004 - SF,ROLAND GARROS - 2004,SF
ROLAND GARROS - 2005 - SF,ROLAND GARROS - 2005,SF
ROLAND GARROS - 2006 - SF,ROLAND GARROS - 2006,SF
ROLAND GARROS - 2007 - SF,ROLAND GARROS - 2007,SF
ROLAND GARROS - 2008 - SF,ROLAND GARROS - 2008,SF
ROLAND GARROS - 2009 - SF,ROLAND GARROS - 2009,SF
ROLAND GARROS - 2010 - SF,ROLAND GARROS - 2010,SF
ROLAND GARROS - 2011 - SF,ROLAND GARROS - 2011,SF
ROLAND GARROS - 2012 - SF,ROLAND GARROS - 2012,SF
ROLAND GARROS - 2013 - SF,ROLAND GARROS - 2013,SF
ROLAND GARROS - 2014 - SF,ROLAND GARROS - 2014,SF
ROLAND GARROS - 2015 - SF,ROLAND GARROS - 2015,SF
ROLAND GARROS - 2016 - SF,ROLAND GARROS - 2016,SF
ROLAND GARROS - 2017 - SF,ROLAND GARROS - 2017,SF
ROLAND GARROS - 2018 - SF,ROLAND GARROS - 2018,SF
ROLAND GARROS - 2019 - SF,ROLAND GARROS - 2019,SF
ROLAND GARROS - 2020 - SF,ROLAND GARROS - 2020,SF
ROLAND GARROS - 2021 - SF,ROLAND GARROS - 2021,SF
ROLAND GARROS - 2022 - SF,ROLAND GARROS - 2022,SF
ROLAND GARROS - 2023 - SF,ROLAND GARROS - 2023,SF
ROLAND GARROS - 2024 - SF,ROLAND GARROS - 2024,SF
WIMBLEDON - 2000 - SF,WIMBLEDON - 2000,SF
WIMBLEDON - 2001 - SF,WIMBLEDON - 2001,SF
WIMBLEDON - 2002 - SF,WIMBLEDON - 2002,SF
WIMBLEDON - 2003 - SF,WIMBLEDON - 2003,SF
WIMBLEDON - 2004 - SF,WIMBLEDON - 2004,SF
WIMBLEDON - 2005 - SF,WIMBLEDON - 2005,SF
WIMBLEDON - 2006 - SF,WIMBLEDON - 2006,SF
WIMBLEDON - 2007 - SF,WIMBLEDON - 2007,SF
WIMBLEDON - 2008 - SF,WIMBLEDON - 2008,SF
WIMBLEDON - 2009 - SF,WIMBLEDON - 2009,SF
WIMBLEDON - 2010 - SF,WIMBLEDON - 2010,SF
WIMBLEDON - 2011 - SF,WIMBLEDON - 2011,SF
WIMBLEDON - 2012 - SF,WIMBLEDON - 2012,SF
WIMBLEDON - 2013 - SF,WIMBLEDON - 2013,SF
WIMBLEDON - 2014 - SF,WIMBLEDON - 2014,SF
WIMBLEDON - 2015 - SF,WIMBLEDON - 2015,SF
WIMBLEDON - 2016 - SF,WIMBLEDON - 2016,SF
WIMBLEDON - 2017 - SF,WIMBLEDON - 2017,SF
WIMBLEDON - 2018 - SF,WIMBLEDON - 2018,SF
WIMBLEDON - 2019 - SF,WIMBLEDON - 2019,SF
WIMBLEDON - 2020 - SF,WIMBLEDON - 2020,SF
WIMBLEDON - 2021 - SF,WIMBLEDON - 2021,SF
WIMBLEDON - 2022 - SF,WIMBLEDON - 2022,SF
WIMBLEDON - 2023 - SF,WIMBLEDON - 2023,SF
WIMBLEDON - 2024 - SF,WIMBLEDON - 2024,SF
AUSTRALIAN OPEN - 2000 - SF,AUSTRALIAN OPEN - 2000,SF
AUSTRALIAN OPEN - 2001 - SF,AUSTRALIAN OPEN - 2001,SF
AUSTRALIAN OPEN - 2002 - SF,AUSTRALIAN OPEN - 2002,SF
AUSTRALIAN OPEN - 2003 - SF,AUSTRALIAN OPEN - 2003,SF
AUSTRALIAN OPEN - 2004 - SF,AUSTRALIAN OPEN - 2004,SF
AUSTRALIAN OPEN - 2005 - SF,AUSTRALIAN OPEN - 2005,SF
AUSTRALIAN OPEN - 2006 - SF,AUSTRALIAN OPEN - 2006,SF
AUSTRALIAN OPEN - 2007 - SF,AUSTRALIAN OPEN - 2007,SF
AUSTRALIAN OPEN - 2008 - SF,AUSTRALIAN OPEN - 2008,SF
AUSTRALIAN OPEN - 2009 - SF,AUSTRALIAN OPEN - 2009,SF
AUSTRALIAN OPEN - 2010 - SF,AUSTRALIAN OPEN - 2010,SF
AUSTRALIAN OPEN - 2011 - SF,AUSTRALIAN OPEN - 2011,SF
AUSTRALIAN OPEN - 2012 - SF,AUSTRALIAN OPEN - 2012,SF
AUSTRALIAN OPEN - 2013 - SF,AUSTRALIAN OPEN - 2013,SF
AUSTRALIAN OPEN - 2014 - SF,AUSTRALIAN OPEN - 2014,SF
AUSTRALIAN OPEN - 2015 - SF,AUSTRALIAN OPEN - 2015,SF
AUSTRALIAN OPEN - 2016 - SF,AUSTRALIAN OPEN - 2016,SF
AUSTRALIAN OPEN - 2017 - SF,AUSTRALIAN OPEN - 2017,SF
AUSTRALIAN OPEN - 2018 - SF,AUSTRALIAN OPEN - 2018,SF
AUSTRALIAN OPEN - 2019 - SF,AUSTRALIAN OPEN - 2019,SF
AUSTRALIAN OPEN - 2020 - SF,AUSTRALIAN OPEN - 2020,SF
AUSTRALIAN OPEN - 2021 - SF,AUSTRALIAN OPEN - 2021,SF
AUSTRALIAN OPEN - 2022 - SF,AUSTRALIAN OPEN - 2022,SF
AUSTRALIAN OPEN - 2023 - SF,AUSTRALIAN OPEN - 2023,SF
AUSTRALIAN OPEN - 2024 - SF,AUSTRALIAN OPEN - 2024,SF
US OPEN - 2000 - QF,US OPEN - 2000,QF
US OPEN - 2001 - QF,US OPEN - 2001,QF
US OPEN - 2002 - QF,US OPEN - 2002,QF
US OPEN - 2003 - QF,US OPEN - 2003,QF
US OPEN - 2004 - QF,US OPEN - 2004,QF
US OPEN - 2005 - QF,US OPEN - 2005,QF
US OPEN - 2006 - QF,US OPEN - 2006,QF
US OPEN - 2007 - QF,US OPEN - 2007,QF
US OPEN - 2008 - QF,US OPEN - 2008,QF
US OPEN - 2009 - QF,US OPEN - 2009,QF
US OPEN - 2010 - QF,US OPEN - 2010,QF
US OPEN - 2011 - QF,US OPEN - 2011,QF
US OPEN - 2012 - QF,US OPEN - 2012,QF
US OPEN - 2013 - QF,US OPEN - 2013,QF
US OPEN - 2014 - QF,US OPEN - 2014,QF
US OPEN - 2015 - QF,US OPEN - 2015,QF
US OPEN - 2016 - QF,US OPEN - 2016,QF
US OPEN - 2017 - QF,US OPEN - 2017,QF
US OPEN - 2018 - QF,US OPEN - 2018,QF
US OPEN - 2019 - QF,US OPEN - 2019,QF
US OPEN - 2020 - QF,US OPEN - 2020,QF
US OPEN - 2021 - QF,US OPEN - 2021,QF
US OPEN - 2022 - QF,US OPEN - 2022,QF
US OPEN - 2023 - QF,US OPEN - 2023,QF
US OPEN - 2024 - QF,US OPEN - 2024,QF
ROLAND GARROS - 2000 - QF,ROLAND GARROS - 2000,QF
ROLAND GARROS - 2001 - QF,ROLAND GARROS - 2001,QF
ROLAND GARROS - 2002 - QF,ROLAND GARROS - 2002,QF
ROLAND GARROS - 2003 - QF,ROLAND GARROS - 2003,QF
ROLAND GARROS - 2004 - QF,ROLAND GARROS - 2004,QF
ROLAND GARROS - 2005 - QF,ROLAND GARROS - 2005,QF
ROLAND GARROS - 2006 - QF,ROLAND GARROS - 2006,QF
ROLAND GARROS - 2007 - QF,ROLAND GARROS - 2007,QF
ROLAND GARROS - 2008 - QF,ROLAND GARROS - 2008,QF
ROLAND GARROS - 2009 - QF,ROLAND GARROS - 2009,QF
ROLAND GARROS - 2010 - QF,ROLAND GARROS - 2010,QF
ROLAND GARROS - 2011 - QF,ROLAND GARROS - 2011,QF
ROLAND GARROS - 2012 - QF,ROLAND GARROS - 2012,QF
ROLAND GARROS - 2013 - QF,ROLAND GARROS - 2013,QF
ROLAND GARROS - 2014 - QF,ROLAND GARROS - 2014,QF
ROLAND GARROS - 2015 - QF,ROLAND GARROS - 2015,QF
ROLAND GARROS - 2016 - QF,ROLAND GARROS - 2016,QF
ROLAND GARROS - 2017 - QF,ROLAND GARROS - 2017,QF
ROLAND GARROS - 2018 - QF,ROLAND GARROS - 2018,QF
ROLAND GARROS - 2019 - QF,ROLAND GARROS - 2019,QF
ROLAND GARROS - 2020 - QF,ROLAND GARROS - 2020,QF
ROLAND GARROS - 2021 - QF,ROLAND GARROS - 2021,QF
ROLAND GARROS - 2022 - QF,ROLAND GARROS - 2022,QF
ROLAND GARROS - 2023 - QF,ROLAND GARROS - 2023,QF
ROLAND GARROS - 2024 - QF,ROLAND GARROS - 2024,QF
WIMBLEDON - 2000 - QF,WIMBLEDON - 2000,QF
WIMBLEDON - 2001 - QF,WIMBLEDON - 2001,QF
WIMBLEDON - 2002 - QF,WIMBLEDON - 2002,QF
WIMBLEDON - 2003 - QF,WIMBLEDON - 2003,QF
WIMBLEDON - 2004 - QF,WIMBLEDON - 2004,QF
WIMBLEDON - 2005 - QF,WIMBLEDON - 2005,QF
WIMBLEDON - 2006 - QF,WIMBLEDON - 2006,QF
WIMBLEDON - 2007 - QF,WIMBLEDON - 2007,QF
WIMBLEDON - 2008 - QF,WIMBLEDON - 2008,QF
WIMBLEDON - 2009 - QF,WIMBLEDON - 2009,QF
WIMBLEDON - 2010 - QF,WIMBLEDON - 2010,QF
WIMBLEDON - 2011 - QF,WIMBLEDON - 2011,QF
WIMBLEDON - 2012 - QF,WIMBLEDON - 2012,QF
WIMBLEDON - 2013 - QF,WIMBLEDON - 2013,QF
WIMBLEDON - 2014 - QF,WIMBLEDON - 2014,QF
WIMBLEDON - 2015 - QF,WIMBLEDON - 2015,QF
WIMBLEDON - 2016 - QF,WIMBLEDON - 2016,QF
WIMBLEDON - 2017 - QF,WIMBLEDON - 2017,QF
WIMBLEDON - 2018 - QF,WIMBLEDON - 2018,QF
WIMBLEDON - 2019 - QF,WIMBLEDON - 2019,QF
WIMBLEDON - 2020 - QF,WIMBLEDON - 2020,QF
WIMBLEDON - 2021 - QF,WIMBLEDON - 2021,QF
WIMBLEDON - 2022 - QF,WIMBLEDON - 2022,QF
WIMBLEDON - 2023 - QF,WIMBLEDON - 2023,QF
WIMBLEDON - 2024 - QF,WIMBLEDON - 2024,QF
AUSTRALIAN OPEN - 2000 - QF,AUSTRALIAN OPEN - 2000,QF
AUSTRALIAN OPEN - 2001 - QF,AUSTRALIAN OPEN - 2001,QF
AUSTRALIAN OPEN - 2002 - QF,AUSTRALIAN OPEN - 2002,QF
AUSTRALIAN OPEN - 2003 - QF,AUSTRALIAN OPEN - 2003,QF
AUSTRALIAN OPEN - 2004 - QF,AUSTRALIAN OPEN - 2004,QF
AUSTRALIAN OPEN - 2005 - QF,AUSTRALIAN OPEN - 2005,QF
AUSTRALIAN OPEN - 2006 - QF,AUSTRALIAN OPEN - 2006,QF
AUSTRALIAN OPEN - 2007 - QF,AUSTRALIAN OPEN - 2007,QF
AUSTRALIAN OPEN - 2008 - QF,AUSTRALIAN OPEN - 2008,QF
AUSTRALIAN OPEN - 2009 - QF,AUSTRALIAN OPEN - 2009,QF
AUSTRALIAN OPEN - 2010 - QF,AUSTRALIAN OPEN - 2010,QF
AUSTRALIAN OPEN - 2011 - QF,AUSTRALIAN OPEN - 2011,QF
AUSTRALIAN OPEN - 2012 - QF,AUSTRALIAN OPEN - 2012,QF
AUSTRALIAN OPEN - 2013 - QF,AUSTRALIAN OPEN - 2013,QF
AUSTRALIAN OPEN - 2014 - QF,AUSTRALIAN OPEN - 2014,QF
AUSTRALIAN OPEN - 2015 - QF,AUSTRALIAN OPEN - 2015,QF
AUSTRALIAN OPEN - 2016 - QF,AUSTRALIAN OPEN - 2016,QF
AUSTRALIAN OPEN - 2017 - QF,AUSTRALIAN OPEN - 2017,QF
AUSTRALIAN OPEN - 2018 - QF,AUSTRALIAN OPEN - 2018,QF
AUSTRALIAN OPEN - 2019 - QF,AUSTRALIAN OPEN - 2019,QF
AUSTRALIAN OPEN - 2020 - QF,AUSTRALIAN OPEN - 2020,QF
AUSTRALIAN OPEN - 2021 - QF,AUSTRALIAN OPEN - 2021,QF
AUSTRALIAN OPEN - 2022 - QF,AUSTRALIAN OPEN - 2022,QF
AUSTRALIAN OPEN - 2023 - QF,AUSTRALIAN OPEN - 2023,QF
AUSTRALIAN OPEN - 2024 - QF,AUSTRALIAN OPEN - 2024,QF
US OPEN - 2000 - R16,US OPEN - 2000,R16
US OPEN - 2001 - R16,US OPEN - 2001,R16
US OPEN - 2002 - R16,US OPEN - 2002,R16
US OPEN - 2003 - R16,US OPEN - 2003,R16
US OPEN - 2004 - R16,US OPEN - 2004,R16
US OPEN - 2005 - R16,US OPEN - 2005,R16
US OPEN - 2006 - R16,US OPEN - 2006,R16
US OPEN - 2007 - R16,US OPEN - 2007,R16
US OPEN - 2008 - R16,US OPEN - 2008,R16
US OPEN - 2009 - R16,US OPEN - 2009,R16
US OPEN - 2010 - R16,US OPEN - 2010,R16
US OPEN - 2011 - R16,US OPEN - 2011,R16
US OPEN - 2012 - R16,US OPEN - 2012,R16
US OPEN - 2013 - R16,US OPEN - 2013,R16
US OPEN - 2014 - R16,US OPEN - 2014,R16
US OPEN - 2015 - R16,US OPEN - 2015,R16
US OPEN - 2016 - R16,US OPEN - 2016,R16
US OPEN - 2017 - R16,US OPEN - 2017,R16
US OPEN - 2018 - R16,US OPEN - 2018,R16
US OPEN - 2019 - R16,US OPEN - 2019,R16
US OPEN - 2020 - R16,US OPEN - 2020,R16
US OPEN - 2021 - R16,US OPEN - 2021,R16
US OPEN - 2022 - R16,US OPEN - 2022,R16
US OPEN - 2023 - R16,US OPEN - 2023,R16
US OPEN - 2024 - R16,US OPEN - 2024,R16
ROLAND GARROS - 2000 - R16,ROLAND GARROS - 2000,R16
ROLAND GARROS - 2001 - R16,ROLAND GARROS - 2001,R16
ROLAND GARROS - 2002 - R16,ROLAND GARROS - 2002,R16
ROLAND GARROS - 2003 - R16,ROLAND GARROS - 2003,R16
ROLAND GARROS - 2004 - R16,ROLAND GARROS - 2004,R16
ROLAND GARROS - 2005 - R16,ROLAND GARROS - 2005,R16
ROLAND GARROS - 2006 - R16,ROLAND GARROS - 2006,R16
ROLAND GARROS - 2007 - R16,ROLAND GARROS - 2007,R16
ROLAND GARROS - 2008 - R16,ROLAND GARROS - 2008,R16
ROLAND GARROS - 2009 - R16,ROLAND GARROS - 2009,R16
ROLAND GARROS - 2010 - R16,ROLAND GARROS - 2010,R16
ROLAND GARROS - 2011 - R16,ROLAND GARROS - 2011,R16
ROLAND GARROS - 2012 - R16,ROLAND GARROS - 2012,R16
ROLAND GARROS - 2013 - R16,ROLAND GARROS - 2013,R16
ROLAND GARROS - 2014 - R16,ROLAND GARROS - 2014,R16
ROLAND GARROS - 2015 - R16,ROLAND GARROS - 2015,R16
ROLAND GARROS - 2016 - R16,ROLAND GARROS - 2016,R16
ROLAND GARROS - 2017 - R16,ROLAND GARROS - 2017,R16
ROLAND GARROS - 2018 - R16,ROLAND GARROS - 2018,R16
ROLAND GARROS - 2019 - R16,ROLAND GARROS - 2019,R16
ROLAND GARROS - 2020 - R16,ROLAND GARROS - 2020,R16
ROLAND GARROS - 2021 - R16,ROLAND GARROS - 2021,R16
ROLAND GARROS - 2022 - R16,ROLAND GARROS - 2022,R16
ROLAND GARROS - 2023 - R16,ROLAND GARROS - 2023,R16
ROLAND GARROS - 2024 - R16,ROLAND GARROS - 2024,R16
WIMBLEDON - 2000 - R16,WIMBLEDON - 2000,R16
WIMBLEDON - 2001 - R16,WIMBLEDON - 2001,R16
WIMBLEDON - 2002 - R16,WIMBLEDON - 2002,R16
WIMBLEDON - 2003 - R16,WIMBLEDON - 2003,R16
WIMBLEDON - 2004 - R16,WIMBLEDON - 2004,R16
WIMBLEDON - 2005 - R16,WIMBLEDON - 2005,R16
WIMBLEDON - 2006 - R16,WIMBLEDON - 2006,R16
WIMBLEDON - 2007 - R16,WIMBLEDON - 2007,R16
WIMBLEDON - 2008 - R16,WIMBLEDON - 2008,R16
WIMBLEDON - 2009 - R16,WIMBLEDON - 2009,R16
WIMBLEDON - 2010 - R16,WIMBLEDON - 2010,R16
WIMBLEDON - 2011 - R16,WIMBLEDON - 2011,R16
WIMBLEDON - 2012 - R16,WIMBLEDON - 2012,R16
WIMBLEDON - 2013 - R16,WIMBLEDON - 2013,R16
WIMBLEDON - 2014 - R16,WIMBLEDON - 2014,R16
WIMBLEDON - 2015 - R16,WIMBLEDON - 2015,R16
WIMBLEDON - 2016 - R16,WIMBLEDON - 2016,R16
WIMBLEDON - 2017 - R16,WIMBLEDON - 2017,R16
WIMBLEDON - 2018 - R16,WIMBLEDON - 2018,R16
WIMBLEDON - 2019 - R16,WIMBLEDON - 2019,R16
WIMBLEDON - 2020 - R16,WIMBLEDON - 2020,R16
WIMBLEDON - 2021 - R16,WIMBLEDON - 2021,R16
WIMBLEDON - 2022 - R16,WIMBLEDON - 2022,R16
WIMBLEDON - 2023 - R16,WIMBLEDON - 2023,R16
WIMBLEDON - 2024 - R16,WIMBLEDON - 2024,R16
AUSTRALIAN OPEN - 2000 - R16,AUSTRALIAN OPEN - 2000,R16
AUSTRALIAN OPEN - 2001 - R16,AUSTRALIAN OPEN - 2001,R16
AUSTRALIAN OPEN - 2002 - R16,AUSTRALIAN OPEN - 2002,R16
AUSTRALIAN OPEN - 2003 - R16,AUSTRALIAN OPEN - 2003,R16
AUSTRALIAN OPEN - 2004 - R16,AUSTRALIAN OPEN - 2004,R16
AUSTRALIAN OPEN - 2005 - R16,AUSTRALIAN OPEN - 2005,R16
AUSTRALIAN OPEN - 2006 - R16,AUSTRALIAN OPEN - 2006,R16
AUSTRALIAN OPEN - 2007 - R16,AUSTRALIAN OPEN - 2007,R16
AUSTRALIAN OPEN - 2008 - R16,AUSTRALIAN OPEN - 2008,R16
AUSTRALIAN OPEN - 2009 - R16,AUSTRALIAN OPEN - 2009,R16
AUSTRALIAN OPEN - 2010 - R16,AUSTRALIAN OPEN - 2010,R16
AUSTRALIAN OPEN - 2011 - R16,AUSTRALIAN OPEN - 2011,R16
AUSTRALIAN OPEN - 2012 - R16,AUSTRALIAN OPEN - 2012,R16
AUSTRALIAN OPEN - 2013 - R16,AUSTRALIAN OPEN - 2013,R16
AUSTRALIAN OPEN - 2014 - R16,AUSTRALIAN OPEN - 2014,R16
AUSTRALIAN OPEN - 2015 - R16,AUSTRALIAN OPEN - 2015,R16
AUSTRALIAN OPEN - 2016 - R16,AUSTRALIAN OPEN - 2016,R16
AUSTRALIAN OPEN - 2017 - R16,AUSTRALIAN OPEN - 2017,R16
AUSTRALIAN OPEN - 2018 - R16,AUSTRALIAN OPEN - 2018,R16
AUSTRALIAN OPEN - 2019 - R16,AUSTRALIAN OPEN - 2019,R16
AUSTRALIAN OPEN - 2020 - R16,AUSTRALIAN OPEN - 2020,R16
AUSTRALIAN OPEN - 2021 - R16,AUSTRALIAN OPEN - 2021,R16
AUSTRALIAN OPEN - 2022 - R16,AUSTRALIAN OPEN - 2022,R16
AUSTRALIAN OPEN - 2023 - R16,AUSTRALIAN OPEN - 2023,R16
AUSTRALIAN OPEN - 2024 - R16,AUSTRALIAN OPEN - 2024,R16
US OPEN - 2000 - R32,US OPEN - 2000,R32
US OPEN - 2001 - R32,US OPEN - 2001,R32
US OPEN - 2002 - R32,US OPEN - 2002,R32
US OPEN - 2003 - R32,US OPEN - 2003,R32
US OPEN - 2004 - R32,US OPEN - 2004,R32
US OPEN - 2005 - R32,US OPEN - 2005,R32
US OPEN - 2006 - R32,US OPEN - 2006,R32
US OPEN - 2007 - R32,US OPEN - 2007,R32
US OPEN - 2008 - R32,US OPEN - 2008,R32
US OPEN - 2009 - R32,US OPEN - 2009,R32
US OPEN - 2010 - R32,US OPEN - 2010,R32
US OPEN - 2011 - R32,US OPEN - 2011,R32
US OPEN - 2012 - R32,US OPEN - 2012,R32
US OPEN - 2013 - R32,US OPEN - 2013,R32
US OPEN - 2014 - R32,US OPEN - 2014,R32
US OPEN - 2015 - R32,US OPEN - 2015,R32
US OPEN - 2016 - R32,US OPEN - 2016,R32
US OPEN - 2017 - R32,US OPEN - 2017,R32
US OPEN - 2018 - R32,US OPEN - 2018,R32
US OPEN - 2019 - R32,US OPEN - 2019,R32
US OPEN - 2020 - R32,US OPEN - 2020,R32
US OPEN - 2021 - R32,US OPEN - 2021,R32
US OPEN - 2022 - R32,US OPEN - 2022,R32
US OPEN - 2023 - R32,US OPEN - 2023,R32
US OPEN - 2024 - R32,US OPEN - 2024,R32
ROLAND GARROS - 2000 - R32,ROLAND GARROS - 2000,R32
ROLAND GARROS - 2001 - R32,ROLAND GARROS - 2001,R32
ROLAND GARROS - 2002 - R32,ROLAND GARROS - 2002,R32
ROLAND GARROS - 2003 - R32,ROLAND GARROS - 2003,R32
ROLAND GARROS - 2004 - R32,ROLAND GARROS - 2004,R32
ROLAND GARROS - 2005 - R32,ROLAND GARROS - 2005,R32
ROLAND GARROS - 2006 - R32,ROLAND GARROS - 2006,R32
ROLAND GARROS - 2007 - R32,ROLAND GARROS - 2007,R32
ROLAND GARROS - 2008 - R32,ROLAND GARROS - 2008,R32
ROLAND GARROS - 2009 - R32,ROLAND GARROS - 2009,R32
ROLAND GARROS - 2010 - R32,ROLAND GARROS - 2010,R32
ROLAND GARROS - 2011 - R32,ROLAND GARROS - 2011,R32
ROLAND GARROS - 2012 - R32,ROLAND GARROS - 2012,R32
ROLAND GARROS - 2013 - R32,ROLAND GARROS - 2013,R32
ROLAND GARROS - 2014 - R32,ROLAND GARROS - 2014,R32
ROLAND GARROS - 2015 - R32,ROLAND GARROS - 2015,R32
ROLAND GARROS - 2016 - R32,ROLAND GARROS - 2016,R32
ROLAND GARROS - 2017 - R32,ROLAND GARROS - 2017,R32
ROLAND GARROS - 2018 - R32,ROLAND GARROS - 2018,R32
ROLAND GARROS - 2019 - R32,ROLAND GARROS - 2019,R32
ROLAND GARROS - 2020 - R32,ROLAND GARROS - 2020,R32
ROLAND GARROS - 2021 - R32,ROLAND GARROS - 2021,R32
ROLAND GARROS - 2022 - R32,ROLAND GARROS - 2022,R32
ROLAND GARROS - 2023 - R32,ROLAND GARROS - 2023,R32
ROLAND GARROS - 2024 - R32,ROLAND GARROS - 2024,R32
WIMBLEDON - 2000 - R32,WIMBLEDON - 2000,R32
WIMBLEDON - 2001 - R32,WIMBLEDON - 2001,R32
WIMBLEDON - 2002 - R32,WIMBLEDON - 2002,R32
WIMBLEDON - 2003 - R32,WIMBLEDON - 2003,R32
WIMBLEDON - 2004 - R32,WIMBLEDON - 2004,R32
WIMBLEDON - 2005 - R32,WIMBLEDON - 2005,R32
WIMBLEDON - 2006 - R32,WIMBLEDON - 2006,R32
WIMBLEDON - 2007 - R32,WIMBLEDON - 2007,R32
WIMBLEDON - 2008 - R32,WIMBLEDON - 2008,R32
WIMBLEDON - 2009 - R32,WIMBLEDON - 2009,R32
WIMBLEDON - 2010 - R32,WIMBLEDON - 2010,R32
WIMBLEDON - 2011 - R32,WIMBLEDON - 2011,R32
WIMBLEDON - 2012 - R32,WIMBLEDON - 2012,R32
WIMBLEDON - 2013 - R32,WIMBLEDON - 2013,R32
WIMBLEDON - 2014 - R32,WIMBLEDON - 2014,R32
WIMBLEDON - 2015 - R32,WIMBLEDON - 2015,R32
WIMBLEDON - 2016 - R32,WIMBLEDON - 2016,R32
WIMBLEDON - 2017 - R32,WIMBLEDON - 2017,R32
WIMBLEDON - 2018 - R32,WIMBLEDON - 2018,R32
WIMBLEDON - 2019 - R32,WIMBLEDON - 2019,R32
WIMBLEDON - 2020 - R32,WIMBLEDON - 2020,R32
WIMBLEDON - 2021 - R32,WIMBLEDON - 2021,R32
WIMBLEDON - 2022 - R32,WIMBLEDON - 2022,R32
WIMBLEDON - 2023 - R32,WIMBLEDON - 2023,R32
WIMBLEDON - 2024 - R32,WIMBLEDON - 2024,R32
AUSTRALIAN OPEN - 2000 - R32,AUSTRALIAN OPEN - 2000,R32
AUSTRALIAN OPEN - 2001 - R32,AUSTRALIAN OPEN - 2001,R32
AUSTRALIAN OPEN - 2002 - R32,AUSTRALIAN OPEN - 2002,R32
AUSTRALIAN OPEN - 2003 - R32,AUSTRALIAN OPEN - 2003,R32
AUSTRALIAN OPEN - 2004 - R32,AUSTRALIAN OPEN - 2004,R32
AUSTRALIAN OPEN - 2005 - R32,AUSTRALIAN OPEN - 2005,R32
AUSTRALIAN OPEN - 2006 - R32,AUSTRALIAN OPEN - 2006,R32
AUSTRALIAN OPEN - 2007 - R32,AUSTRALIAN OPEN - 2007,R32
AUSTRALIAN OPEN - 2008 - R32,AUSTRALIAN OPEN - 2008,R32
AUSTRALIAN OPEN - 2009 - R32,AUSTRALIAN OPEN - 2009,R32
AUSTRALIAN OPEN - 2010 - R32,AUSTRALIAN OPEN - 2010,R32
AUSTRALIAN OPEN - 2011 - R32,AUSTRALIAN OPEN - 2011,R32
AUSTRALIAN OPEN - 2012 - R32,AUSTRALIAN OPEN - 2012,R32
AUSTRALIAN OPEN - 2013 - R32,AUSTRALIAN OPEN - 2013,R32
AUSTRALIAN OPEN - 2014 - R32,AUSTRALIAN OPEN - 2014,R32
AUSTRALIAN OPEN - 2015 - R32,AUSTRALIAN OPEN - 2015,R32
AUSTRALIAN OPEN - 2016 - R32,AUSTRALIAN OPEN - 2016,R32
AUSTRALIAN OPEN - 2017 - R32,AUSTRALIAN OPEN - 2017,R32
AUSTRALIAN OPEN - 2018 - R32,AUSTRALIAN OPEN - 2018,R32
AUSTRALIAN OPEN - 2019 - R32,AUSTRALIAN OPEN - 2019,R32
AUSTRALIAN OPEN - 2020 - R32,AUSTRALIAN OPEN - 2020,R32
AUSTRALIAN OPEN - 2021 - R32,AUSTRALIAN OPEN - 2021,R32
AUSTRALIAN OPEN - 2022 - R32,AUSTRALIAN OPEN - 2022,R32
AUSTRALIAN OPEN - 2023 - R32,AUSTRALIAN OPEN - 2023,R32
AUSTRALIAN OPEN - 2024 - R32,AUSTRALIAN OPEN - 2024,R32
US OPEN - 2000 - R64,US OPEN - 2000,R64
US OPEN - 2001 - R64,US OPEN - 2001,R64
US OPEN - 2002 - R64,US OPEN - 2002,R64
US OPEN - 2003 - R64,US OPEN - 2003,R64
US OPEN - 2004 - R64,US OPEN - 2004,R64
US OPEN - 2005 - R64,US OPEN - 2005,R64
US OPEN - 2006 - R64,US OPEN - 2006,R64
US OPEN - 2007 - R64,US OPEN - 2007,R64
US OPEN - 2008 - R64,US OPEN - 2008,R64
US OPEN - 2009 - R64,US OPEN - 2009,R64
US OPEN - 2010 - R64,US OPEN - 2010,R64
US OPEN - 2011 - R64,US OPEN - 2011,R64
US OPEN - 2012 - R64,US OPEN - 2012,R64
US OPEN - 2013 - R64,US OPEN - 2013,R64
US OPEN - 2014 - R64,US OPEN - 2014,R64
US OPEN - 2015 - R64,US OPEN - 2015,R64
US OPEN - 2016 - R64,US OPEN - 2016,R64
US OPEN - 2017 - R64,US OPEN - 2017,R64
US OPEN - 2018 - R64,US OPEN - 2018,R64
US OPEN - 2019 - R64,US OPEN - 2019,R64
US OPEN - 2020 - R64,US OPEN - 2020,R64
US OPEN - 2021 - R64,US OPEN - 2021,R64
US OPEN - 2022 - R64,US OPEN - 2022,R64
US OPEN - 2023 - R64,US OPEN - 2023,R64
US OPEN - 2024 - R64,US OPEN - 2024,R64
ROLAND GARROS - 2000 - R64,ROLAND GARROS - 2000,R64
ROLAND GARROS - 2001 - R64,ROLAND GARROS - 2001,R64
ROLAND GARROS - 2002 - R64,ROLAND GARROS - 2002,R64
ROLAND GARROS - 2003 - R64,ROLAND GARROS - 2003,R64
ROLAND GARROS - 2004 - R64,ROLAND GARROS - 2004,R64
ROLAND GARROS - 2005 - R64,ROLAND GARROS - 2005,R64
ROLAND GARROS - 2006 - R64,ROLAND GARROS - 2006,R64
ROLAND GARROS - 2007 - R64,ROLAND GARROS - 2007,R64
ROLAND GARROS - 2008 - R64,ROLAND GARROS - 2008,R64
ROLAND GARROS - 2009 - R64,ROLAND GARROS - 2009,R64
ROLAND GARROS - 2010 - R64,ROLAND GARROS - 2010,R64
ROLAND GARROS - 2011 - R64,ROLAND GARROS - 2011,R64
ROLAND GARROS - 2012 - R64,ROLAND GARROS - 2012,R64
ROLAND GARROS - 2013 - R64,ROLAND GARROS - 2013,R64
ROLAND GARROS - 2014 - R64,ROLAND GARROS - 2014,R64
ROLAND GARROS - 2015 - R64,ROLAND GARROS - 2015,R64
ROLAND GARROS - 2016 - R64,ROLAND GARROS - 2016,R64
ROLAND GARROS - 2017 - R64,ROLAND GARROS - 2017,R64
ROLAND GARROS - 2018 - R64,ROLAND GARROS - 2018,R64
ROLAND GARROS - 2019 - R64,ROLAND GARROS - 2019,R64
ROLAND GARROS - 2020 - R64,ROLAND GARROS - 2020,R64
ROLAND GARROS - 2021 - R64,ROLAND GARROS - 2021,R64
ROLAND GARROS - 2022 - R64,ROLAND GARROS - 2022,R64
ROLAND GARROS - 2023 - R64,ROLAND GARROS - 2023,R64
ROLAND GARROS - 2024 - R64,ROLAND GARROS - 2024,R64
WIMBLEDON - 2000 - R64,WIMBLEDON - 2000,R64
WIMBLEDON - 2001 - R64,WIMBLEDON - 2001,R64
WIMBLEDON - 2002 - R64,WIMBLEDON - 2002,R64
WIMBLEDON - 2003 - R64,WIMBLEDON - 2003,R64
WIMBLEDON - 2004 - R64,WIMBLEDON - 2004,R64
WIMBLEDON - 2005 - R64,WIMBLEDON - 2005,R64
WIMBLEDON - 2006 - R64,WIMBLEDON - 2006,R64
WIMBLEDON - 2007 - R64,WIMBLEDON - 2007,R64
WIMBLEDON - 2008 - R64,WIMBLEDON - 2008,R64
WIMBLEDON - 2009 - R64,WIMBLEDON - 2009,R64
WIMBLEDON - 2010 - R64,WIMBLEDON - 2010,R64
WIMBLEDON - 2011 - R64,WIMBLEDON - 2011,R64
WIMBLEDON - 2012 - R64,WIMBLEDON - 2012,R64
WIMBLEDON - 2013 - R64,WIMBLEDON - 2013,R64
WIMBLEDON - 2014 - R64,WIMBLEDON - 2014,R64
WIMBLEDON - 2015 - R64,WIMBLEDON - 2015,R64
WIMBLEDON - 2016 - R64,WIMBLEDON - 2016,R64
WIMBLEDON - 2017 - R64,WIMBLEDON - 2017,R64
WIMBLEDON - 2018 - R64,WIMBLEDON - 2018,R64
WIMBLEDON - 2019 - R64,WIMBLEDON - 2019,R64
WIMBLEDON - 2020 - R64,WIMBLEDON - 2020,R64
WIMBLEDON - 2021 - R64,WIMBLEDON - 2021,R64
WIMBLEDON - 2022 - R64,WIMBLEDON - 2022,R64
WIMBLEDON - 2023 - R64,WIMBLEDON - 2023,R64
WIMBLEDON - 2024 - R64,WIMBLEDON - 2024,R64
AUSTRALIAN OPEN - 2000 - R64,AUSTRALIAN OPEN - 2000,R64
AUSTRALIAN OPEN - 2001 - R64,AUSTRALIAN OPEN - 2001,R64
AUSTRALIAN OPEN - 2002 - R64,AUSTRALIAN OPEN - 2002,R64
AUSTRALIAN OPEN - 2003 - R64,AUSTRALIAN OPEN - 2003,R64
AUSTRALIAN OPEN - 2004 - R64,AUSTRALIAN OPEN - 2004,R64
AUSTRALIAN OPEN - 2005 - R64,AUSTRALIAN OPEN - 2005,R64
AUSTRALIAN OPEN - 2006 - R64,AUSTRALIAN OPEN - 2006,R64
AUSTRALIAN OPEN - 2007 - R64,AUSTRALIAN OPEN - 2007,R64
AUSTRALIAN OPEN - 2008 - R64,AUSTRALIAN OPEN - 2008,R64
AUSTRALIAN OPEN - 2009 - R64,AUSTRALIAN OPEN - 2009,R64
AUSTRALIAN OPEN - 2010 - R64,AUSTRALIAN OPEN - 2010,R64
AUSTRALIAN OPEN - 2011 - R64,AUSTRALIAN OPEN - 2011,R64
AUSTRALIAN OPEN - 2012 - R64,AUSTRALIAN OPEN - 2012,R64
AUSTRALIAN OPEN - 2013 - R64,AUSTRALIAN OPEN - 2013,R64
AUSTRALIAN OPEN - 2014 - R64,AUSTRALIAN OPEN - 2014,R64
AUSTRALIAN OPEN - 2015 - R64,AUSTRALIAN OPEN - 2015,R64
AUSTRALIAN OPEN - 2016 - R64,AUSTRALIAN OPEN - 2016,R64
AUSTRALIAN OPEN - 2017 - R64,AUSTRALIAN OPEN - 2017,R64
AUSTRALIAN OPEN - 2018 - R64,AUSTRALIAN OPEN - 2018,R64
AUSTRALIAN OPEN - 2019 - R64,AUSTRALIAN OPEN - 2019,R64
AUSTRALIAN OPEN - 2020 - R64,AUSTRALIAN OPEN - 2020,R64
AUSTRALIAN OPEN - 2021 - R64,AUSTRALIAN OPEN - 2021,R64
AUSTRALIAN OPEN - 2022 - R64,AUSTRALIAN OPEN - 2022,R64
AUSTRALIAN OPEN - 2023 - R64,AUSTRALIAN OPEN - 2023,R64
AUSTRALIAN OPEN - 2024 - R64,AUSTRALIAN OPEN - 2024,R64
US OPEN - 2000 - R128,US OPEN - 2000,R128
US OPEN - 2001 - R128,US OPEN - 2001,R128
US OPEN - 2002 - R128,US OPEN - 2002,R128
US OPEN - 2003 - R128,US OPEN - 2003,R128
US OPEN - 2004 - R128,US OPEN - 2004,R128
US OPEN - 2005 - R128,US OPEN - 2005,R128
US OPEN - 2006 - R128,US OPEN - 2006,R128
US OPEN - 2007 - R128,US OPEN - 2007,R128
US OPEN - 2008 - R128,US OPEN - 2008,R128
US OPEN - 2009 - R128,US OPEN - 2009,R128
US OPEN - 2010 - R128,US OPEN - 2010,R128
US OPEN - 2011 - R128,US OPEN - 2011,R128
US OPEN - 2012 - R128,US OPEN - 2012,R128
US OPEN - 2013 - R128,US OPEN - 2013,R128
US OPEN - 2014 - R128,US OPEN - 2014,R128
US OPEN - 2015 - R128,US OPEN - 2015,R128
US OPEN - 2016 - R128,US OPEN - 2016,R128
US OPEN - 2017 - R128,US OPEN - 2017,R128
US OPEN - 2018 - R128,US OPEN - 2018,R128
US OPEN - 2019 - R128,US OPEN - 2019,R128
US OPEN - 2020 - R128,US OPEN - 2020,R128
US OPEN - 2021 - R128,US OPEN - 2021,R128
US OPEN - 2022 - R128,US OPEN - 2022,R128
US OPEN - 2023 - R128,US OPEN - 2023,R128
US OPEN - 2024 - R128,US OPEN - 2024,R128
ROLAND GARROS - 2000 - R128,ROLAND GARROS - 2000,R128
ROLAND GARROS - 2001 - R128,ROLAND GARROS - 2001,R128
ROLAND GARROS - 2002 - R128,ROLAND GARROS - 2002,R128
ROLAND GARROS - 2003 - R128,ROLAND GARROS - 2003,R128
ROLAND GARROS - 2004 - R128,ROLAND GARROS - 2004,R128
ROLAND GARROS - 2005 - R128,ROLAND GARROS - 2005,R128
ROLAND GARROS - 2006 - R128,ROLAND GARROS - 2006,R128
ROLAND GARROS - 2007 - R128,ROLAND GARROS - 2007,R128
ROLAND GARROS - 2008 - R128,ROLAND GARROS - 2008,R128
ROLAND GARROS - 2009 - R128,ROLAND GARROS - 2009,R128
ROLAND GARROS - 2010 - R128,ROLAND GARROS - 2010,R128
ROLAND GARROS - 2011 - R128,ROLAND GARROS - 2011,R128
ROLAND GARROS - 2012 - R128,ROLAND GARROS - 2012,R128
ROLAND GARROS - 2013 - R128,ROLAND GARROS - 2013,R128
ROLAND GARROS - 2014 - R128,ROLAND GARROS - 2014,R128
ROLAND GARROS - 2015 - R128,ROLAND GARROS - 2015,R128
ROLAND GARROS - 2016 - R128,ROLAND GARROS - 2016,R128
ROLAND GARROS - 2017 - R128,ROLAND GARROS - 2017,R128
ROLAND GARROS - 2018 - R128,ROLAND GARROS - 2018,R128
ROLAND GARROS - 2019 - R128,ROLAND GARROS - 2019,R128
ROLAND GARROS - 2020 - R128,ROLAND GARROS - 2020,R128
ROLAND GARROS - 2021 - R128,ROLAND GARROS - 2021,R128
ROLAND GARROS - 2022 - R128,ROLAND GARROS - 2022,R128
ROLAND GARROS - 2023 - R128,ROLAND GARROS - 2023,R128
ROLAND GARROS - 2024 - R128,ROLAND GARROS - 2024,R128
WIMBLEDON - 2000 - R128,WIMBLEDON - 2000,R128
WIMBLEDON - 2001 - R128,WIMBLEDON - 2001,R128
WIMBLEDON - 2002 - R128,WIMBLEDON - 2002,R128
WIMBLEDON - 2003 - R128,WIMBLEDON - 2003,R128
WIMBLEDON - 2004 - R128,WIMBLEDON - 2004,R128
WIMBLEDON - 2005 - R128,WIMBLEDON - 2005,R128
WIMBLEDON - 2006 - R128,WIMBLEDON - 2006,R128
WIMBLEDON - 2007 - R128,WIMBLEDON - 2007,R128
WIMBLEDON - 2008 - R128,WIMBLEDON - 2008,R128
WIMBLEDON - 2009 - R128,WIMBLEDON - 2009,R128
WIMBLEDON - 2010 - R128,WIMBLEDON - 2010,R128
WIMBLEDON - 2011 - R128,WIMBLEDON - 2011,R128
WIMBLEDON - 2012 - R128,WIMBLEDON - 2012,R128
WIMBLEDON - 2013 - R128,WIMBLEDON - 2013,R128
WIMBLEDON - 2014 - R128,WIMBLEDON - 2014,R128
WIMBLEDON - 2015 - R128,WIMBLEDON - 2015,R128
WIMBLEDON - 2016 - R128,WIMBLEDON - 2016,R128
WIMBLEDON - 2017 - R128,WIMBLEDON - 2017,R128
WIMBLEDON - 2018 - R128,WIMBLEDON - 2018,R128
WIMBLEDON - 2019 - R128,WIMBLEDON - 2019,R128
WIMBLEDON - 2020 - R128,WIMBLEDON - 2020,R128
WIMBLEDON - 2021 - R128,WIMBLEDON - 2021,R128
WIMBLEDON - 2022 - R128,WIMBLEDON - 2022,R128
WIMBLEDON - 2023 - R128,WIMBLEDON - 2023,R128
WIMBLEDON - 2024 - R128,WIMBLEDON - 2024,R128
AUSTRALIAN OPEN - 2000 - R128,AUSTRALIAN OPEN - 2000,R128
AUSTRALIAN OPEN - 2001 - R128,AUSTRALIAN OPEN - 2001,R128
AUSTRALIAN OPEN - 2002 - R128,AUSTRALIAN OPEN - 2002,R128
AUSTRALIAN OPEN - 2003 - R128,AUSTRALIAN OPEN - 2003,R128
AUSTRALIAN OPEN - 2004 - R128,AUSTRALIAN OPEN - 2004,R128
AUSTRALIAN OPEN - 2005 - R128,AUSTRALIAN OPEN - 2005,R128
AUSTRALIAN OPEN - 2006 - R128,AUSTRALIAN OPEN - 2006,R128
AUSTRALIAN OPEN - 2007 - R128,AUSTRALIAN OPEN - 2007,R128
AUSTRALIAN OPEN - 2008 - R128,AUSTRALIAN OPEN - 2008,R128
AUSTRALIAN OPEN - 2009 - R128,AUSTRALIAN OPEN - 2009,R128
AUSTRALIAN OPEN - 2010 - R128,AUSTRALIAN OPEN - 2010,R128
AUSTRALIAN OPEN - 2011 - R128,AUSTRALIAN OPEN - 2011,R128
AUSTRALIAN OPEN - 2012 - R128,AUSTRALIAN OPEN - 2012,R128
AUSTRALIAN OPEN - 2013 - R128,AUSTRALIAN OPEN - 2013,R128
AUSTRALIAN OPEN - 2014 - R128,AUSTRALIAN OPEN - 2014,R128
AUSTRALIAN OPEN - 2015 - R128,AUSTRALIAN OPEN - 2015,R128
AUSTRALIAN OPEN - 2016 - R128,AUSTRALIAN OPEN - 2016,R128
AUSTRALIAN OPEN - 2017 - R128,AUSTRALIAN OPEN - 2017,R128
AUSTRALIAN OPEN - 2018 - R128,AUSTRALIAN OPEN - 2018,R128
AUSTRALIAN OPEN - 2019 - R128,AUSTRALIAN OPEN - 2019,R128
AUSTRALIAN OPEN - 2020 - R128,AUSTRALIAN OPEN - 2020,R128
AUSTRALIAN OPEN - 2021 - R128,AUSTRALIAN OPEN - 2021,R128
AUSTRALIAN OPEN - 2022 - R128,AUSTRALIAN OPEN - 2022,R128
AUSTRALIAN OPEN - 2023 - R128,AUSTRALIAN OPEN - 2023,R128
AUSTRALIAN OPEN - 2024 - R128,AUSTRALIAN OPEN - 2024,R128
US OPEN - 2000 - Q3,US OPEN - 2000,Q3
US OPEN - 2001 - Q3,US OPEN - 2001,Q3
US OPEN - 2002 - Q3,US OPEN - 2002,Q3
US OPEN - 2003 - Q3,US OPEN - 2003,Q3
US OPEN - 2004 - Q3,US OPEN - 2004,Q3
US OPEN - 2005 - Q3,US OPEN - 2005,Q3
US OPEN - 2006 - Q3,US OPEN - 2006,Q3
US OPEN - 2007 - Q3,US OPEN - 2007,Q3
US OPEN - 2008 - Q3,US OPEN - 2008,Q3
US OPEN - 2009 - Q3,US OPEN - 2009,Q3
US OPEN - 2010 - Q3,US OPEN - 2010,Q3
US OPEN - 2011 - Q3,US OPEN - 2011,Q3
US OPEN - 2012 - Q3,US OPEN - 2012,Q3
US OPEN - 2013 - Q3,US OPEN - 2013,Q3
US OPEN - 2014 - Q3,US OPEN - 2014,Q3
US OPEN - 2015 - Q3,US OPEN - 2015,Q3
US OPEN - 2016 - Q3,US OPEN - 2016,Q3
US OPEN - 2017 - Q3,US OPEN - 2017,Q3
US OPEN - 2018 - Q3,US OPEN - 2018,Q3
US OPEN - 2019 - Q3,US OPEN - 2019,Q3
US OPEN - 2020 - Q3,US OPEN - 2020,Q3
US OPEN - 2021 - Q3,US OPEN - 2021,Q3
US OPEN - 2022 - Q3,US OPEN - 2022,Q3
US OPEN - 2023 - Q3,US OPEN - 2023,Q3
US OPEN - 2024 - Q3,US OPEN - 2024,Q3
ROLAND GARROS - 2000 - Q3,ROLAND GARROS - 2000,Q3
ROLAND GARROS - 2001 - Q3,ROLAND GARROS - 2001,Q3
ROLAND GARROS - 2002 - Q3,ROLAND GARROS - 2002,Q3
ROLAND GARROS - 2003 - Q3,ROLAND GARROS - 2003,Q3
ROLAND GARROS - 2004 - Q3,ROLAND GARROS - 2004,Q3
ROLAND GARROS - 2005 - Q3,ROLAND GARROS - 2005,Q3
ROLAND GARROS - 2006 - Q3,ROLAND GARROS - 2006,Q3
ROLAND GARROS - 2007 - Q3,ROLAND GARROS - 2007,Q3
ROLAND GARROS - 2008 - Q3,ROLAND GARROS - 2008,Q3
ROLAND GARROS - 2009 - Q3,ROLAND GARROS - 2009,Q3
ROLAND GARROS - 2010 - Q3,ROLAND GARROS - 2010,Q3
ROLAND GARROS - 2011 - Q3,ROLAND GARROS - 2011,Q3
ROLAND GARROS - 2012 - Q3,ROLAND GARROS - 2012,Q3
ROLAND GARROS - 2013 - Q3,ROLAND GARROS - 2013,Q3
ROLAND GARROS - 2014 - Q3,ROLAND GARROS - 2014,Q3
ROLAND GARROS - 2015 - Q3,ROLAND GARROS - 2015,Q3
ROLAND GARROS - 2016 - Q3,ROLAND GARROS - 2016,Q3
ROLAND GARROS - 2017 - Q3,ROLAND GARROS - 2017,Q3
ROLAND GARROS - 2018 - Q3,ROLAND GARROS - 2018,Q3
ROLAND GARROS - 2019 - Q3,ROLAND GARROS - 2019,Q3
ROLAND GARROS - 2020 - Q3,ROLAND GARROS - 2020,Q3
ROLAND GARROS - 2021 - Q3,ROLAND GARROS - 2021,Q3
ROLAND GARROS - 2022 - Q3,ROLAND GARROS - 2022,Q3
ROLAND GARROS - 2023 - Q3,ROLAND GARROS - 2023,Q3
ROLAND GARROS - 2024 - Q3,ROLAND GARROS - 2024,Q3
WIMBLEDON - 2000 - Q3,WIMBLEDON - 2000,Q3
WIMBLEDON - 2001 - Q3,WIMBLEDON - 2001,Q3
WIMBLEDON - 2002 - Q3,WIMBLEDON - 2002,Q3
WIMBLEDON - 2003 - Q3,WIMBLEDON - 2003,Q3
WIMBLEDON - 2004 - Q3,WIMBLEDON - 2004,Q3
WIMBLEDON - 2005 - Q3,WIMBLEDON - 2005,Q3
WIMBLEDON - 2006 - Q3,WIMBLEDON - 2006,Q3
WIMBLEDON - 2007 - Q3,WIMBLEDON - 2007,Q3
WIMBLEDON - 2008 - Q3,WIMBLEDON - 2008,Q3
WIMBLEDON - 2009 - Q3,WIMBLEDON - 2009,Q3
WIMBLEDON - 2010 - Q3,WIMBLEDON - 2010,Q3
WIMBLEDON - 2011 - Q3,WIMBLEDON - 2011,Q3
WIMBLEDON - 2012 - Q3,WIMBLEDON - 2012,Q3
WIMBLEDON - 2013 - Q3,WIMBLEDON - 2013,Q3
WIMBLEDON - 2014 - Q3,WIMBLEDON - 2014,Q3
WIMBLEDON - 2015 - Q3,WIMBLEDON - 2015,Q3
WIMBLEDON - 2016 - Q3,WIMBLEDON - 2016,Q3
WIMBLEDON - 2017 - Q3,WIMBLEDON - 2017,Q3
WIMBLEDON - 2018 - Q3,WIMBLEDON - 2018,Q3
WIMBLEDON - 2019 - Q3,WIMBLEDON - 2019,Q3
WIMBLEDON - 2020 - Q3,WIMBLEDON - 2020,Q3
WIMBLEDON - 2021 - Q3,WIMBLEDON - 2021,Q3
WIMBLEDON - 2022 - Q3,WIMBLEDON - 2022,Q3
WIMBLEDON - 2023 - Q3,WIMBLEDON - 2023,Q3
WIMBLEDON - 2024 - Q3,WIMBLEDON - 2024,Q3
AUSTRALIAN OPEN - 2000 - Q3,AUSTRALIAN OPEN - 2000,Q3
AUSTRALIAN OPEN - 2001 - Q3,AUSTRALIAN OPEN - 2001,Q3
AUSTRALIAN OPEN - 2002 - Q3,AUSTRALIAN OPEN - 2002,Q3
AUSTRALIAN OPEN - 2003 - Q3,AUSTRALIAN OPEN - 2003,Q3
AUSTRALIAN OPEN - 2004 - Q3,AUSTRALIAN OPEN - 2004,Q3
AUSTRALIAN OPEN - 2005 - Q3,AUSTRALIAN OPEN - 2005,Q3
AUSTRALIAN OPEN - 2006 - Q3,AUSTRALIAN OPEN - 2006,Q3
AUSTRALIAN OPEN - 2007 - Q3,AUSTRALIAN OPEN - 2007,Q3
AUSTRALIAN OPEN - 2008 - Q3,AUSTRALIAN OPEN - 2008,Q3
AUSTRALIAN OPEN - 2009 - Q3,AUSTRALIAN OPEN - 2009,Q3
AUSTRALIAN OPEN - 2010 - Q3,AUSTRALIAN OPEN - 2010,Q3
AUSTRALIAN OPEN - 2011 - Q3,AUSTRALIAN OPEN - 2011,Q3
AUSTRALIAN OPEN - 2012 - Q3,AUSTRALIAN OPEN - 2012,Q3
AUSTRALIAN OPEN - 2013 - Q3,AUSTRALIAN OPEN - 2013,Q3
AUSTRALIAN OPEN - 2014 - Q3,AUSTRALIAN OPEN - 2014,Q3
AUSTRALIAN OPEN - 2015 - Q3,AUSTRALIAN OPEN - 2015,Q3
AUSTRALIAN OPEN - 2016 - Q3,AUSTRALIAN OPEN - 2016,Q3
AUSTRALIAN OPEN - 2017 - Q3,AUSTRALIAN OPEN - 2017,Q3
AUSTRALIAN OPEN - 2018 - Q3,AUSTRALIAN OPEN - 2018,Q3
AUSTRALIAN OPEN - 2019 - Q3,AUSTRALIAN OPEN - 2019,Q3
AUSTRALIAN OPEN - 2020 - Q3,AUSTRALIAN OPEN - 2020,Q3
AUSTRALIAN OPEN - 2021 - Q3,AUSTRALIAN OPEN - 2021,Q3
AUSTRALIAN OPEN - 2022 - Q3,AUSTRALIAN OPEN - 2022,Q3
AUSTRALIAN OPEN - 2023 - Q3,AUSTRALIAN OPEN - 2023,Q3
AUSTRALIAN OPEN - 2024 - Q3,AUSTRALIAN OPEN - 2024,Q3
US OPEN - 2000 - Q2,US OPEN - 2000,Q2
US OPEN - 2001 - Q2,US OPEN - 2001,Q2
US OPEN - 2002 - Q2,US OPEN - 2002,Q2
US OPEN - 2003 - Q2,US OPEN - 2003,Q2
US OPEN - 2004 - Q2,US OPEN - 2004,Q2
US OPEN - 2005 - Q2,US OPEN - 2005,Q2
US OPEN - 2006 - Q2,US OPEN - 2006,Q2
US OPEN - 2007 - Q2,US OPEN - 2007,Q2
US OPEN - 2008 - Q2,US OPEN - 2008,Q2
US OPEN - 2009 - Q2,US OPEN - 2009,Q2
US OPEN - 2010 - Q2,US OPEN - 2010,Q2
US OPEN - 2011 - Q2,US OPEN - 2011,Q2
US OPEN - 2012 - Q2,US OPEN - 2012,Q2
US OPEN - 2013 - Q2,US OPEN - 2013,Q2
US OPEN - 2014 - Q2,US OPEN - 2014,Q2
US OPEN - 2015 - Q2,US OPEN - 2015,Q2
US OPEN - 2016 - Q2,US OPEN - 2016,Q2
US OPEN - 2017 - Q2,US OPEN - 2017,Q2
US OPEN - 2018 - Q2,US OPEN - 2018,Q2
US OPEN - 2019 - Q2,US OPEN - 2019,Q2
US OPEN - 2020 - Q2,US OPEN - 2020,Q2
US OPEN - 2021 - Q2,US OPEN - 2021,Q2
US OPEN - 2022 - Q2,US OPEN - 2022,Q2
US OPEN - 2023 - Q2,US OPEN - 2023,Q2
US OPEN - 2024 - Q2,US OPEN - 2024,Q2
ROLAND GARROS - 2000 - Q2,ROLAND GARROS - 2000,Q2
ROLAND GARROS - 2001 - Q2,ROLAND GARROS - 2001,Q2
ROLAND GARROS - 2002 - Q2,ROLAND GARROS - 2002,Q2
ROLAND GARROS - 2003 - Q2,ROLAND GARROS - 2003,Q2
ROLAND GARROS - 2004 - Q2,ROLAND GARROS - 2004,Q2
ROLAND GARROS - 2005 - Q2,ROLAND GARROS - 2005,Q2
ROLAND GARROS - 2006 - Q2,ROLAND GARROS - 2006,Q2
ROLAND GARROS - 2007 - Q2,ROLAND GARROS - 2007,Q2
ROLAND GARROS - 2008 - Q2,ROLAND GARROS - 2008,Q2
ROLAND GARROS - 2009 - Q2,ROLAND GARROS - 2009,Q2
ROLAND GARROS - 2010 - Q2,ROLAND GARROS - 2010,Q2
ROLAND GARROS - 2011 - Q2,ROLAND GARROS - 2011,Q2
ROLAND GARROS - 2012 - Q2,ROLAND GARROS - 2012,Q2
ROLAND GARROS - 2013 - Q2,ROLAND GARROS - 2013,Q2
ROLAND GARROS - 2014 - Q2,ROLAND GARROS - 2014,Q2
ROLAND GARROS - 2015 - Q2,ROLAND GARROS - 2015,Q2
ROLAND GARROS - 2016 - Q2,ROLAND GARROS - 2016,Q2
ROLAND GARROS - 2017 - Q2,ROLAND GARROS - 2017,Q2
ROLAND GARROS - 2018 - Q2,ROLAND GARROS - 2018,Q2
ROLAND GARROS - 2019 - Q2,ROLAND GARROS - 2019,Q2
ROLAND GARROS - 2020 - Q2,ROLAND GARROS - 2020,Q2
ROLAND GARROS - 2021 - Q2,ROLAND GARROS - 2021,Q2
ROLAND GARROS - 2022 - Q2,ROLAND GARROS - 2022,Q2
ROLAND GARROS - 2023 - Q2,ROLAND GARROS - 2023,Q2
ROLAND GARROS - 2024 - Q2,ROLAND GARROS - 2024,Q2
WIMBLEDON - 2000 - Q2,WIMBLEDON - 2000,Q2
WIMBLEDON - 2001 - Q2,WIMBLEDON - 2001,Q2
WIMBLEDON - 2002 - Q2,WIMBLEDON - 2002,Q2
WIMBLEDON - 2003 - Q2,WIMBLEDON - 2003,Q2
WIMBLEDON - 2004 - Q2,WIMBLEDON - 2004,Q2
WIMBLEDON - 2005 - Q2,WIMBLEDON - 2005,Q2
WIMBLEDON - 2006 - Q2,WIMBLEDON - 2006,Q2
WIMBLEDON - 2007 - Q2,WIMBLEDON - 2007,Q2
WIMBLEDON - 2008 - Q2,WIMBLEDON - 2008,Q2
WIMBLEDON - 2009 - Q2,WIMBLEDON - 2009,Q2
WIMBLEDON - 2010 - Q2,WIMBLEDON - 2010,Q2
WIMBLEDON - 2011 - Q2,WIMBLEDON - 2011,Q2
WIMBLEDON - 2012 - Q2,WIMBLEDON - 2012,Q2
WIMBLEDON - 2013 - Q2,WIMBLEDON - 2013,Q2
WIMBLEDON - 2014 - Q2,WIMBLEDON - 2014,Q2
WIMBLEDON - 2015 - Q2,WIMBLEDON - 2015,Q2
WIMBLEDON - 2016 - Q2,WIMBLEDON - 2016,Q2
WIMBLEDON - 2017 - Q2,WIMBLEDON - 2017,Q2
WIMBLEDON - 2018 - Q2,WIMBLEDON - 2018,Q2
WIMBLEDON - 2019 - Q2,WIMBLEDON - 2019,Q2
WIMBLEDON - 2020 - Q2,WIMBLEDON - 2020,Q2
WIMBLEDON - 2021 - Q2,WIMBLEDON - 2021,Q2
WIMBLEDON - 2022 - Q2,WIMBLEDON - 2022,Q2
WIMBLEDON - 2023 - Q2,WIMBLEDON - 2023,Q2
WIMBLEDON - 2024 - Q2,WIMBLEDON - 2024,Q2
AUSTRALIAN OPEN - 2000 - Q2,AUSTRALIAN OPEN - 2000,Q2
AUSTRALIAN OPEN - 2001 - Q2,AUSTRALIAN OPEN - 2001,Q2
AUSTRALIAN OPEN - 2002 - Q2,AUSTRALIAN OPEN - 2002,Q2
AUSTRALIAN OPEN - 2003 - Q2,AUSTRALIAN OPEN - 2003,Q2
AUSTRALIAN OPEN - 2004 - Q2,AUSTRALIAN OPEN - 2004,Q2
AUSTRALIAN OPEN - 2005 - Q2,AUSTRALIAN OPEN - 2005,Q2
AUSTRALIAN OPEN - 2006 - Q2,AUSTRALIAN OPEN - 2006,Q2
AUSTRALIAN OPEN - 2007 - Q2,AUSTRALIAN OPEN - 2007,Q2
AUSTRALIAN OPEN - 2008 - Q2,AUSTRALIAN OPEN - 2008,Q2
AUSTRALIAN OPEN - 2009 - Q2,AUSTRALIAN OPEN - 2009,Q2
AUSTRALIAN OPEN - 2010 - Q2,AUSTRALIAN OPEN - 2010,Q2
AUSTRALIAN OPEN - 2011 - Q2,AUSTRALIAN OPEN - 2011,Q2
AUSTRALIAN OPEN - 2012 - Q2,AUSTRALIAN OPEN - 2012,Q2
AUSTRALIAN OPEN - 2013 - Q2,AUSTRALIAN OPEN - 2013,Q2
AUSTRALIAN OPEN - 2014 - Q2,AUSTRALIAN OPEN - 2014,Q2
AUSTRALIAN OPEN - 2015 - Q2,AUSTRALIAN OPEN - 2015,Q2
AUSTRALIAN OPEN - 2016 - Q2,AUSTRALIAN OPEN - 2016,Q2
AUSTRALIAN OPEN - 2017 - Q2,AUSTRALIAN OPEN - 2017,Q2
AUSTRALIAN OPEN - 2018 - Q2,AUSTRALIAN OPEN - 2018,Q2
AUSTRALIAN OPEN - 2019 - Q2,AUSTRALIAN OPEN - 2019,Q2
AUSTRALIAN OPEN - 2020 - Q2,AUSTRALIAN OPEN - 2020,Q2
AUSTRALIAN OPEN - 2021 - Q2,AUSTRALIAN OPEN - 2021,Q2
AUSTRALIAN OPEN - 2022 - Q2,AUSTRALIAN OPEN - 2022,Q2
AUSTRALIAN OPEN - 2023 - Q2,AUSTRALIAN OPEN - 2023,Q2
AUSTRALIAN OPEN - 2024 - Q2,AUSTRALIAN OPEN - 2024,Q2
US OPEN - 2000 - Q1,US OPEN - 2000,Q1
US OPEN - 2001 - Q1,US OPEN - 2001,Q1
US OPEN - 2002 - Q1,US OPEN - 2002,Q1
US OPEN - 2003 - Q1,US OPEN - 2003,Q1
US OPEN - 2004 - Q1,US OPEN - 2004,Q1
US OPEN - 2005 - Q1,US OPEN - 2005,Q1
US OPEN - 2006 - Q1,US OPEN - 2006,Q1
US OPEN - 2007 - Q1,US OPEN - 2007,Q1
US OPEN - 2008 - Q1,US OPEN - 2008,Q1
US OPEN - 2009 - Q1,US OPEN - 2009,Q1
US OPEN - 2010 - Q1,US OPEN - 2010,Q1
US OPEN - 2011 - Q1,US OPEN - 2011,Q1
US OPEN - 2012 - Q1,US OPEN - 2012,Q1
US OPEN - 2013 - Q1,US OPEN - 2013,Q1
US OPEN - 2014 - Q1,US OPEN - 2014,Q1
US OPEN - 2015 - Q1,US OPEN - 2015,Q1
US OPEN - 2016 - Q1,US OPEN - 2016,Q1
US OPEN - 2017 - Q1,US OPEN - 2017,Q1
US OPEN - 2018 - Q1,US OPEN - 2018,Q1
US OPEN - 2019 - Q1,US OPEN - 2019,Q1
US OPEN - 2020 - Q1,US OPEN - 2020,Q1
US OPEN - 2021 - Q1,US OPEN - 2021,Q1
US OPEN - 2022 - Q1,US OPEN - 2022,Q1
US OPEN - 2023 - Q1,US OPEN - 2023,Q1
US OPEN - 2024 - Q1,US OPEN - 2024,Q1
ROLAND GARROS - 2000 - Q1,ROLAND GARROS - 2000,Q1
ROLAND GARROS - 2001 - Q1,ROLAND GARROS - 2001,Q1
ROLAND GARROS - 2002 - Q1,ROLAND GARROS - 2002,Q1
ROLAND GARROS - 2003 - Q1,ROLAND GARROS - 2003,Q1
ROLAND GARROS - 2004 - Q1,ROLAND GARROS - 2004,Q1
ROLAND GARROS - 2005 - Q1,ROLAND GARROS - 2005,Q1
ROLAND GARROS - 2006 - Q1,ROLAND GARROS - 2006,Q1
ROLAND GARROS - 2007 - Q1,ROLAND GARROS - 2007,Q1
ROLAND GARROS - 2008 - Q1,ROLAND GARROS - 2008,Q1
ROLAND GARROS - 2009 - Q1,ROLAND GARROS - 2009,Q1
ROLAND GARROS - 2010 - Q1,ROLAND GARROS - 2010,Q1
ROLAND GARROS - 2011 - Q1,ROLAND GARROS - 2011,Q1
ROLAND GARROS - 2012 - Q1,ROLAND GARROS - 2012,Q1
ROLAND GARROS - 2013 - Q1,ROLAND GARROS - 2013,Q1
ROLAND GARROS - 2014 - Q1,ROLAND GARROS - 2014,Q1
ROLAND GARROS - 2015 - Q1,ROLAND GARROS - 2015,Q1
ROLAND GARROS - 2016 - Q1,ROLAND GARROS - 2016,Q1
ROLAND GARROS - 2017 - Q1,ROLAND GARROS - 2017,Q1
ROLAND GARROS - 2018 - Q1,ROLAND GARROS - 2018,Q1
ROLAND GARROS - 2019 - Q1,ROLAND GARROS - 2019,Q1
ROLAND GARROS - 2020 - Q1,ROLAND GARROS - 2020,Q1
ROLAND GARROS - 2021 - Q1,ROLAND GARROS - 2021,Q1
ROLAND GARROS - 2022 - Q1,ROLAND GARROS - 2022,Q1
ROLAND GARROS - 2023 - Q1,ROLAND GARROS - 2023,Q1
ROLAND GARROS - 2024 - Q1,ROLAND GARROS - 2024,Q1
WIMBLEDON - 2000 - Q1,WIMBLEDON - 2000,Q1
WIMBLEDON - 2001 - Q1,WIMBLEDON - 2001,Q1
WIMBLEDON - 2002 - Q1,WIMBLEDON - 2002,Q1
WIMBLEDON - 2003 - Q1,WIMBLEDON - 2003,Q1
WIMBLEDON - 2004 - Q1,WIMBLEDON - 2004,Q1
WIMBLEDON - 2005 - Q1,WIMBLEDON - 2005,Q1
WIMBLEDON - 2006 - Q1,WIMBLEDON - 2006,Q1
WIMBLEDON - 2007 - Q1,WIMBLEDON - 2007,Q1
WIMBLEDON - 2008 - Q1,WIMBLEDON - 2008,Q1
WIMBLEDON - 2009 - Q1,WIMBLEDON - 2009,Q1
WIMBLEDON - 2010 - Q1,WIMBLEDON - 2010,Q1
WIMBLEDON - 2011 - Q1,WIMBLEDON - 2011,Q1
WIMBLEDON - 2012 - Q1,WIMBLEDON - 2012,Q1
WIMBLEDON - 2013 - Q1,WIMBLEDON - 2013,Q1
WIMBLEDON - 2014 - Q1,WIMBLEDON - 2014,Q1
WIMBLEDON - 2015 - Q1,WIMBLEDON - 2015,Q1
WIMBLEDON - 2016 - Q1,WIMBLEDON - 2016,Q1
WIMBLEDON - 2017 - Q1,WIMBLEDON - 2017,Q1
WIMBLEDON - 2018 - Q1,WIMBLEDON - 2018,Q1
WIMBLEDON - 2019 - Q1,WIMBLEDON - 2019,Q1
WIMBLEDON - 2020 - Q1,WIMBLEDON - 2020,Q1
WIMBLEDON - 2021 - Q1,WIMBLEDON - 2021,Q1
WIMBLEDON - 2022 - Q1,WIMBLEDON - 2022,Q1
WIMBLEDON - 2023 - Q1,WIMBLEDON - 2023,Q1
WIMBLEDON - 2024 - Q1,WIMBLEDON - 2024,Q1
AUSTRALIAN OPEN - 2000 - Q1,AUSTRALIAN OPEN - 2000,Q1
AUSTRALIAN OPEN - 2001 - Q1,AUSTRALIAN OPEN - 2001,Q1
AUSTRALIAN OPEN - 2002 - Q1,AUSTRALIAN OPEN - 2002,Q1
AUSTRALIAN OPEN - 2003 - Q1,AUSTRALIAN OPEN - 2003,Q1
AUSTRALIAN OPEN - 2004 - Q1,AUSTRALIAN OPEN - 2004,Q1
AUSTRALIAN OPEN - 2005 - Q1,AUSTRALIAN OPEN - 2005,Q1
AUSTRALIAN OPEN - 2006 - Q1,AUSTRALIAN OPEN - 2006,Q1
AUSTRALIAN OPEN - 2007 - Q1,AUSTRALIAN OPEN - 2007,Q1
AUSTRALIAN OPEN - 2008 - Q1,AUSTRALIAN OPEN - 2008,Q1
AUSTRALIAN OPEN - 2009 - Q1,AUSTRALIAN OPEN - 2009,Q1
AUSTRALIAN OPEN - 2010 - Q1,AUSTRALIAN OPEN - 2010,Q1
AUSTRALIAN OPEN - 2011 - Q1,AUSTRALIAN OPEN - 2011,Q1
AUSTRALIAN OPEN - 2012 - Q1,AUSTRALIAN OPEN - 2012,Q1
AUSTRALIAN OPEN - 2013 - Q1,AUSTRALIAN OPEN - 2013,Q1
AUSTRALIAN OPEN - 2014 - Q1,AUSTRALIAN OPEN - 2014,Q1
AUSTRALIAN OPEN - 2015 - Q1,AUSTRALIAN OPEN - 2015,Q1
AUSTRALIAN OPEN - 2016 - Q1,AUSTRALIAN OPEN - 2016,Q1
AUSTRALIAN OPEN - 2017 - Q1,AUSTRALIAN OPEN - 2017,Q1
AUSTRALIAN OPEN - 2018 - Q1,AUSTRALIAN OPEN - 2018,Q1
AUSTRALIAN OPEN - 2019 - Q1,AUSTRALIAN OPEN - 2019,Q1
AUSTRALIAN OPEN - 2020 - Q1,AUSTRALIAN OPEN - 2020,Q1
AUSTRALIAN OPEN - 2021 - Q1,AUSTRALIAN OPEN - 2021,Q1
AUSTRALIAN OPEN - 2022 - Q1,AUSTRALIAN OPEN - 2022,Q1
AUSTRALIAN OPEN - 2023 - Q1,AUSTRALIAN OPEN - 2023,Q1
AUSTRALIAN OPEN - 2024 - Q1,AUSTRALIAN OPEN - 2024,Q1
