tournament,year,attendance,capacity,utilization_rate,pct_under_30,pct_over_50,pct_female,pct_male,region,surface,tv_viewers_millions,night_sessions
Australian Open,2000,636708,900000,0.7074533333333334,25.319845871104928,31.93185492083228,44.12817765387851,55.87182234612149,Oceania,Hard,75.79542213091005,6
Roland Garros,2000,582906,650000,0.8967784615384615,30.651013138982357,34.709796426655245,49.94020858583991,50.05979141416009,Europe,Clay,89.91286210367217,11
Wimbledon,2000,431648,500000,0.863296,29.01112120479356,25.2727963206643,41.05706143322089,58.94293856677911,Europe,Grass,79.24895796061853,14
US Open,2000,628710,850000,0.7396588235294118,35.21620470330871,32.67891107600609,40.27476160629886,59.72523839370114,North America,Hard,112.4543557472171,8
Australian Open,2001,937898,900000,1.042108888888889,36.56718259633912,29.877276368592966,40.25952543034859,59.74047456965141,Oceania,Hard,93.46411399739085,6
Roland Garros,2001,650690,650000,1.0010615384615384,26.71608738405151,23.230084410350905,42.157070424949126,57.842929575050874,Europe,Clay,51.01742465497552,6
Wimbledon,2001,446704,500000,0.893408,38.81328084054708,31.411579665619463,42.47900690416313,57.52099309583687,Europe,Grass,101.47707442074346,5
US Open,2001,814264,850000,0.9579576470588236,30.85464612596764,21.651270637519993,41.07064944746267,58.92935055253733,North America,Hard,71.71691237582391,9
Australian Open,2002,639549,900000,0.71061,39.65496861037114,33.933734582438774,48.490469416059376,51.509530583940624,Oceania,Hard,75.1288938592987,14
Roland Garros,2002,519564,650000,0.7993292307692308,39.49937906099701,32.80895088245488,46.10610203303417,53.89389796696583,Europe,Clay,86.0824342988607,12
Wimbledon,2002,456266,500000,0.912532,38.92827137086,21.333162327611472,46.387896259036296,53.612103740963704,Europe,Grass,49.434180602083856,6
US Open,2002,732157,850000,0.8613611764705882,34.69186729159259,26.794031255440252,49.28992907383322,50.71007092616678,North America,Hard,114.92376344082142,8
Australian Open,2003,712783,900000,0.7919811111111111,26.304138888896436,26.526975472474714,46.54277711661894,53.45722288338106,Oceania,Hard,104.26580533381646,11
Roland Garros,2003,634981,650000,0.9768938461538461,27.537006003428854,23.21975156123748,48.6269139245118,51.3730860754882,Europe,Clay,60.824545298960544,10
Wimbledon,2003,363899,500000,0.727798,28.35379826907634,26.877872643393907,43.498026863088995,56.501973136911005,Europe,Grass,98.01413432124296,12
US Open,2003,736898,850000,0.8669388235294118,25.43107051922215,29.460129211509614,43.73574308670491,56.26425691329509,North America,Hard,72.11171480884272,13
Australian Open,2004,645790,900000,0.7175444444444444,28.52820928573864,29.910554134001757,40.43033061790915,59.56966938209085,Oceania,Hard,119.87821691071974,6
Roland Garros,2004,634348,650000,0.97592,25.766541831579065,27.786964239490796,42.10865608931942,57.89134391068058,Europe,Clay,48.53944981014013,11
Wimbledon,2004,434562,500000,0.869124,34.80610960716217,31.41309639054119,46.893174393567875,53.106825606432125,Europe,Grass,119.64826693816943,9
US Open,2004,865532,850000,1.0182729411764706,30.925381427602076,32.948960352009614,44.98244612829901,55.01755387170099,North America,Hard,82.495732749196,5
Australian Open,2005,858385,900000,0.9537611111111111,30.327354695301135,24.647579345691028,40.493527109275206,59.506472890724794,Oceania,Hard,104.27394506422637,5
Roland Garros,2005,516326,650000,0.7943476923076923,25.7111090086429,25.977464923248405,41.55980784271802,58.44019215728198,Europe,Clay,77.96118883570735,13
Wimbledon,2005,461854,500000,0.923708,30.16396684736614,30.220356622081823,42.32607833917502,57.67392166082498,Europe,Grass,92.51874947597287,9
US Open,2005,677169,850000,0.7966694117647058,34.61827632505138,24.732997533999303,41.96390972850199,58.03609027149801,North America,Hard,58.149632055485874,10
Australian Open,2006,743379,900000,0.8259766666666667,26.075304126576228,22.884361430964294,49.014683071140475,50.985316928859525,Oceania,Hard,56.37615629583404,8
Roland Garros,2006,484075,650000,0.7447307692307692,35.6031088342435,27.224689533298505,46.77642233227944,53.22357766772056,Europe,Clay,105.57790716816638,13
Wimbledon,2006,500830,500000,1.00166,36.55940935228781,27.500230346995163,48.02529717177243,51.97470282822757,Europe,Grass,57.4045839348741,14
US Open,2006,673591,850000,0.79246,35.134191349644965,31.180114365018888,49.28904517458075,50.71095482541925,North America,Hard,117.82371993190162,11
Australian Open,2007,856530,900000,0.9517,36.435202518535064,33.355151558267984,47.32639705854487,52.67360294145513,Oceania,Hard,60.109693673407484,7
Roland Garros,2007,648740,650000,0.9980615384615384,25.580389072301323,20.864064653238767,40.65034396586968,59.34965603413032,Europe,Clay,58.22041006162448,14
Wimbledon,2007,459946,500000,0.919892,28.554176656494555,23.586579945548138,45.743266464637344,54.256733535362656,Europe,Grass,87.63796080637609,6
US Open,2007,820562,850000,0.9653670588235295,32.4030689639268,20.846243450212068,48.108973045709014,51.891026954290986,North America,Hard,45.050717230682864,13
Australian Open,2008,728810,900000,0.8097888888888889,30.667845653567348,34.752885330491694,48.507782446672834,51.492217553327166,Oceania,Hard,44.367724846781044,11
Roland Garros,2008,485577,650000,0.7470415384615384,32.564993492836365,33.18194357215792,44.06250858643035,55.93749141356965,Europe,Clay,110.30454947600732,14
Wimbledon,2008,459987,500000,0.919974,39.34154291660522,22.492314181021456,48.0043279246946,51.9956720753054,Europe,Grass,49.07775514637375,8
US Open,2008,878466,850000,1.033489411764706,27.659890990263808,34.99242399528036,48.37481303032768,51.62518696967232,North America,Hard,84.82476940078939,5
Australian Open,2009,913035,900000,1.0144833333333334,26.64439752358911,31.443337046797804,45.04793665659939,54.95206334340061,Oceania,Hard,87.84741769914598,10
Roland Garros,2009,589861,650000,0.9074784615384616,30.08245754338951,26.620032187996802,42.256691445016706,57.743308554983294,Europe,Clay,45.96731215902231,14
Wimbledon,2009,428664,500000,0.857328,30.814505724697174,33.70783613775768,45.69797873190704,54.30202126809296,Europe,Grass,91.4657556014131,12
US Open,2009,659335,850000,0.7756882352941177,37.16610579688957,28.929895062175927,43.571000941207465,56.428999058792535,North America,Hard,103.5015735733788,9
Australian Open,2010,831914,900000,0.9243488888888889,28.803807367503993,23.745295547145144,41.49222201478936,58.50777798521064,Oceania,Hard,67.68512937497391,7
Roland Garros,2010,519233,650000,0.79882,35.039598365547576,25.620146187130423,44.46983274282446,55.53016725717554,Europe,Clay,50.31767326668117,8
Wimbledon,2010,359524,500000,0.719048,31.082465579501445,26.780246294805146,46.237593888358354,53.762406111641646,Europe,Grass,42.924319369925456,12
US Open,2010,844921,850000,0.9940247058823529,29.999564372037792,29.737525329574275,43.89736686888856,56.10263313111144,North America,Hard,42.83743614335329,9
Australian Open,2011,944456,900000,1.0493955555555556,25.64136346511122,34.209438103970044,42.21400722973546,57.78599277026454,Oceania,Hard,79.77917685746591,5
Roland Garros,2011,555582,650000,0.8547415384615384,35.72385106123252,26.191023338817743,42.24766763848579,57.75233236151421,Europe,Clay,74.30522516115403,12
Wimbledon,2011,464416,500000,0.928832,27.94425209752148,32.53743132123496,46.58191333275434,53.41808666724566,Europe,Grass,65.29182707837091,10
US Open,2011,725537,850000,0.8535729411764705,28.174608826240817,24.928548736616264,40.5338521326619,59.4661478673381,North America,Hard,117.74204015967788,8
Australian Open,2012,900055,900000,1.000061111111111,28.642120999054143,27.990584058124526,41.61205179128936,58.38794820871064,Oceania,Hard,86.36471439231597,5
Roland Garros,2012,536194,650000,0.8249138461538461,26.81944527366225,22.500526796466794,40.04717031818533,59.95282968181467,Europe,Clay,46.42856875199085,9
Wimbledon,2012,397049,500000,0.794098,34.216448452998264,22.269584262971136,45.56459568910033,54.43540431089967,Europe,Grass,72.32566121943961,8
US Open,2012,798362,850000,0.9392494117647059,28.481001944912197,32.66062987733293,49.58527268392514,50.41472731607486,North America,Hard,81.28685295596414,11
Australian Open,2013,726869,900000,0.8076322222222222,35.934048764570925,29.64784084724895,47.39812941491259,52.60187058508741,Oceania,Hard,103.1710121107413,8
Roland Garros,2013,644636,650000,0.9917476923076923,34.24166460548178,27.82304934315478,46.22580911091066,53.77419088908934,Europe,Clay,65.4493599007219,8
Wimbledon,2013,461482,500000,0.922964,39.60040261794299,34.883954651431544,40.27656258193987,59.72343741806013,Europe,Grass,115.6262511938681,11
US Open,2013,597227,850000,0.70262,31.11327162831362,27.862089600727593,41.54899569300746,58.45100430699254,North America,Hard,92.18715795888,11
Australian Open,2014,837360,900000,0.9304,35.95285270560997,23.267066866912444,49.062814822262105,50.937185177737895,Oceania,Hard,49.75394442579705,7
Roland Garros,2014,673084,650000,1.0355138461538462,31.93554828408309,34.38043679820207,47.42315235407911,52.57684764592089,Europe,Clay,56.09543553362596,11
Wimbledon,2014,473213,500000,0.946426,38.81220088378906,27.059131590669914,48.61330640648176,51.38669359351824,Europe,Grass,77.06031151676902,5
US Open,2014,751009,850000,0.88354,28.640828342901262,22.259147147369138,40.74230996272336,59.25769003727664,North America,Hard,89.2905774347781,10
Australian Open,2015,807122,900000,0.8968022222222222,31.58249249260725,32.68194580919346,43.62792547856884,56.37207452143116,Oceania,Hard,48.87946789806836,8
Roland Garros,2015,505409,650000,0.7775523076923077,36.75785219353342,26.03059714084296,46.89136924169859,53.10863075830141,Europe,Clay,110.81286568635724,12
Wimbledon,2015,440543,500000,0.881086,36.248583219639244,22.818864272788247,46.17544545164564,53.82455454835436,Europe,Grass,47.979705932978604,11
US Open,2015,691014,850000,0.8129576470588236,29.654661937590316,29.406185407032478,41.46446411375457,58.53553588624543,North America,Hard,42.14028213121858,10
Australian Open,2016,909860,900000,1.0109555555555556,39.52313961304657,25.346075174194183,49.94891608642383,50.05108391357617,Oceania,Hard,85.98574537024456,6
Roland Garros,2016,589861,650000,0.9074784615384616,33.71926664797325,24.648484116519057,46.54805597281147,53.45194402718853,Europe,Clay,114.11652577816267,10
Wimbledon,2016,438130,500000,0.87626,26.108938192731134,33.708257764569055,41.75326762337563,58.24673237662437,Europe,Grass,105.73526008849915,14
US Open,2016,609430,850000,0.7169764705882353,25.62344396827875,21.72034283923345,43.83431417409005,56.16568582590995,North America,Hard,91.46993927975397,12
Australian Open,2017,659945,900000,0.7332722222222222,32.28337767948259,25.16662586880647,44.520840993688374,55.479159006311626,Oceania,Hard,59.479465169897885,13
Roland Garros,2017,498799,650000,0.767383076923077,29.11784613733089,30.446550313323574,42.67359186427848,57.32640813572152,Europe,Clay,74.99379891938385,11
Wimbledon,2017,478185,500000,0.95637,32.93720022728938,26.619529579986228,41.54310220481854,58.45689779518146,Europe,Grass,80.03865484938534,6
US Open,2017,891495,850000,1.0488176470588235,30.770661485047032,20.99717445583394,43.6063600997605,56.3936399002395,North America,Hard,83.49630951082605,8
Australian Open,2018,662115,900000,0.7356833333333334,31.232748902696844,27.672637468907528,47.082264022836185,52.917735977163815,Oceania,Hard,93.87850376501146,13
Roland Garros,2018,670087,650000,1.030903076923077,25.190972977049817,29.967885897009324,45.26294892756679,54.73705107243321,Europe,Clay,65.58525137231412,6
Wimbledon,2018,426016,500000,0.852032,35.952078645442896,21.495660054970482,47.86066739825675,52.13933260174325,Europe,Grass,100.42420964353124,12
US Open,2018,814712,850000,0.9584847058823529,31.045381014052648,34.75642209100505,48.66734383541504,51.33265616458496,North America,Hard,103.26704611294576,5
Australian Open,2019,636160,900000,0.7068444444444445,30.815116751265602,28.35540332085504,43.129722288945445,56.870277711054555,Oceania,Hard,85.25669800844986,11
Roland Garros,2019,504464,650000,0.7760984615384615,28.308185389547997,30.80875182697934,49.521745615092286,50.478254384907714,Europe,Clay,104.89776208161022,11
Wimbledon,2019,457892,500000,0.915784,31.341000307155063,21.825319693548217,41.570126480296,58.429873519704,Europe,Grass,113.36785063041133,9
US Open,2019,829107,850000,0.97542,29.952230606858453,20.340259623943993,46.477971320692866,53.522028679307134,North America,Hard,93.52423650033629,11
Australian Open,2020,637110,900000,0.7079,35.48708978160146,29.497101778157685,45.63557322816666,54.36442677183334,Oceania,Hard,89.22061434876413,14
Roland Garros,2020,521853,650000,0.8028507692307693,34.428754651457794,29.703037064946958,45.25299675027924,54.74700324972076,Europe,Clay,73.95957020470763,11
Wimbledon,2020,411331,500000,0.822662,34.774691376379074,30.39088021136762,44.01019176424146,55.98980823575854,Europe,Grass,101.9540112027808,5
US Open,2020,743099,850000,0.8742341176470588,26.201893149149853,20.10625243671854,44.19416836418652,55.80583163581348,North America,Hard,53.1683156621111,13
Australian Open,2021,755319,900000,0.8392433333333333,36.55338151277806,34.467912459527355,40.15666394450721,59.84333605549279,Oceania,Hard,118.44022365406117,14
Roland Garros,2021,514425,650000,0.7914230769230769,26.650644633517516,31.073443252592767,41.79546239989337,58.20453760010663,Europe,Clay,107.46918926514076,9
Wimbledon,2021,451409,500000,0.902818,29.734954951610582,30.59143683938629,44.690323508634435,55.309676491365565,Europe,Grass,96.95756291130947,7
US Open,2021,598181,850000,0.7037423529411765,34.37719842129853,24.79242302760779,41.715910745492955,58.284089254507045,North America,Hard,100.14641231051684,14
Australian Open,2022,866218,900000,0.9624644444444445,25.48328437034366,26.143139293877915,49.52421613963813,50.47578386036187,Oceania,Hard,41.07305820170731,6
Roland Garros,2022,550774,650000,0.8473446153846154,36.843640570691036,31.437677339569188,45.22027771388599,54.77972228611401,Europe,Clay,52.798864948113334,7
Wimbledon,2022,488381,500000,0.976762,31.223962445906082,24.6811927573712,42.14682156709879,57.85317843290121,Europe,Grass,106.76931809209563,6
US Open,2022,747811,850000,0.8797776470588236,29.674440601444118,22.916773595668694,48.11881173337285,51.88118826662715,North America,Hard,51.270098127070696,6
Australian Open,2023,938387,900000,1.0426522222222223,26.477105682687547,34.570786732046415,41.42257108662422,58.57742891337578,Oceania,Hard,58.24756676971682,6
Roland Garros,2023,495725,650000,0.7626538461538461,25.761193205926148,24.952711392155,42.18029809344528,57.81970190655472,Europe,Clay,83.2722850136987,13
Wimbledon,2023,398523,500000,0.797046,30.70637147007274,33.03375444954105,45.43671855267222,54.56328144732778,Europe,Grass,61.45684449037367,8
US Open,2023,794513,850000,0.9347211764705883,25.796985149802374,29.391117621421724,45.50950563994414,54.49049436005586,North America,Hard,68.58320581302156,5
Australian Open,2024,789666,900000,0.8774066666666667,36.76778000448728,33.19411022549744,43.8438429482087,56.1561570517913,Oceania,Hard,66.53772804727265,11
Roland Garros,2024,675903,650000,1.0398507692307692,26.224653061295705,30.342112392382226,42.35649337488153,57.64350662511847,Europe,Clay,63.40957429478618,10
Wimbledon,2024,376475,500000,0.75295,25.555397448911194,33.718355066528936,41.12771131296762,58.87228868703238,Europe,Grass,112.04225589716226,14
US Open,2024,881813,850000,1.0374270588235295,38.45919802139794,20.726341491407755,46.2690905303372,53.7309094696628,North America,Hard,99.45140304442042,6
