year,tourney key,round,premio €,torneo_id
2000,us open - 2000,W,2738611.8929412677,
2001,us open - 2001,W,2808172.635021976,
2002,us open - 2002,W,2879500.2199515346,
2003,us open - 2003,W,2952639.525538304,
2004,us open - 2004,W,3027636.569486977,
2005,us open - 2005,W,3104538.5383519465,
2006,us open - 2006,W,3183393.8172260863,
2007,us open - 2007,W,3264252.0201836294,
2008,us open - 2008,W,3347164.0214962936,
2009,us open - 2009,W,3432181.9876423,
2010,us open - 2010,W,3519359.410128414,
2011,us open - 2011,W,3608751.139145676,
2012,us open - 2012,W,3700413.418079977,
2013,us open - 2013,W,3794403.9188992092,
2014,us open - 2014,W,3890781.7784392494,
2015,us open - 2015,W,3989607.635611606,
2016,us open - 2016,W,4090943.669556142,
2017,us open - 2017,W,4194853.638762868,
2018,us open - 2018,W,4301402.9211874455,
2019,us open - 2019,W,4410658.555385606,
2020,us open - 2020,W,4522689.282692401,
2021,us open - 2021,W,4637565.590472789,
2022,us open - 2022,W,4755359.7564707985,
2023,us open - 2023,W,4876145.894285156,
2024,us open - 2024,W,5000000.0,
2000,roland garros - 2000,W,1396692.0654000465,
2001,roland garros - 2001,W,1432168.043861208,
2002,roland garros - 2002,W,1468545.1121752828,
2003,roland garros - 2003,W,1505846.158024535,
2004,roland garros - 2004,W,1544094.6504383583,
2005,roland garros - 2005,W,1583314.6545594926,
2006,roland garros - 2006,W,1623530.8467853041,
2007,roland garros - 2007,W,1664768.530293651,
2008,roland garros - 2008,W,1707053.6509631097,
2009,roland garros - 2009,W,1750412.813697573,
2010,roland garros - 2010,W,1794873.2991654912,
2011,roland garros - 2011,W,1840463.080964295,
2012,roland garros - 2012,W,1887210.8432207883,
2013,roland garros - 2013,W,1935145.9986385966,
2014,roland garros - 2014,W,1984298.707004017,
2015,roland garros - 2015,W,2034699.8941619191,
2016,roland garros - 2016,W,2086381.2714736322,
2017,roland garros - 2017,W,2139375.3557690624,
2018,roland garros - 2018,W,2193715.489805597,
2019,roland garros - 2019,W,2249435.8632466593,
2020,roland garros - 2020,W,2306571.5341731245,
2021,roland garros - 2021,W,2365158.4511411223,
2022,roland garros - 2022,W,2425233.4758001072,
2023,roland garros - 2023,W,2486834.4060854297,
2024,roland garros - 2024,W,2550000.0,
2000,wimbledon - 2000,W,1643167.1357647607,
2001,wimbledon - 2001,W,1684903.5810131857,
2002,wimbledon - 2002,W,1727700.1319709208,
2003,wimbledon - 2003,W,1771583.7153229823,
2004,wimbledon - 2004,W,1816581.9416921863,
2005,wimbledon - 2005,W,1862723.1230111679,
2006,wimbledon - 2006,W,1910036.2903356517,
2007,wimbledon - 2007,W,1958551.2121101776,
2008,wimbledon - 2008,W,2008298.412897776,
2009,wimbledon - 2009,W,2059309.1925853798,
2010,wimbledon - 2010,W,2111615.6460770485,
2011,wimbledon - 2011,W,2165250.6834874055,
2012,wimbledon - 2012,W,2220248.0508479862,
2013,wimbledon - 2013,W,2276642.3513395255,
2014,wimbledon - 2014,W,2334469.0670635495,
2015,wimbledon - 2015,W,2393764.5813669637,
2016,wimbledon - 2016,W,2454566.201733685,
2017,wimbledon - 2017,W,2516912.183257721,
2018,wimbledon - 2018,W,2580841.752712467,
2019,wimbledon - 2019,W,2646395.1332313637,
2020,wimbledon - 2020,W,2713613.5696154404,
2021,wimbledon - 2021,W,2782539.354283673,
2022,wimbledon - 2022,W,2853215.853882479,
2023,wimbledon - 2023,W,2925687.536571094,
2024,wimbledon - 2024,W,3000000.0,
2000,australian open - 2000,W,1917028.3250588875,
2001,australian open - 2001,W,1965720.8445153835,
2002,australian open - 2002,W,2015650.1539660743,
2003,australian open - 2003,W,2066847.6678768129,
2004,australian open - 2004,W,2119345.598640884,
2005,australian open - 2005,W,2173176.9768463625,
2006,australian open - 2006,W,2228375.6720582605,
2007,australian open - 2007,W,2284976.4141285405,
2008,australian open - 2008,W,2343014.8150474057,
2009,australian open - 2009,W,2402527.39134961,
2010,australian open - 2010,W,2463551.58708989,
2011,australian open - 2011,W,2526125.7974019735,
2012,australian open - 2012,W,2590289.392655984,
2013,australian open - 2013,W,2656082.7432294465,
2014,australian open - 2014,W,2723547.2449074746,
2015,australian open - 2015,W,2792725.344928124,
2016,australian open - 2016,W,2863660.5686892993,
2017,australian open - 2017,W,2936397.5471340073,
2018,australian open - 2018,W,3010982.0448312117,
2019,australian open - 2019,W,3087460.9887699247,
2020,australian open - 2020,W,3165882.497884681,
2021,australian open - 2021,W,3246295.913330952,
2022,australian open - 2022,W,3328751.829529559,
2023,australian open - 2023,W,3413302.1259996095,
2024,australian open - 2024,W,3500000.0,
2000,us open - 2000,F,1369305.9464706338,
2001,us open - 2001,F,1404086.317510988,
2002,us open - 2002,F,1439750.1099757673,
2003,us open - 2003,F,1476319.762769152,
2004,us open - 2004,F,1513818.2847434885,
2005,us open - 2005,F,1552269.2691759733,
2006,us open - 2006,F,1591696.9086130431,
2007,us open - 2007,F,1632126.0100918147,
2008,us open - 2008,F,1673582.0107481468,
2009,us open - 2009,F,1716090.99382115,
2010,us open - 2010,F,1759679.705064207,
2011,us open - 2011,F,1804375.569572838,
2012,us open - 2012,F,1850206.7090399885,
2013,us open - 2013,F,1897201.9594496046,
2014,us open - 2014,F,1945390.8892196247,
2015,us open - 2015,F,1994803.817805803,
2016,us open - 2016,F,2045471.834778071,
2017,us open - 2017,F,2097426.819381434,
2018,us open - 2018,F,2150701.4605937228,
2019,us open - 2019,F,2205329.277692803,
2020,us open - 2020,F,2261344.6413462004,
2021,us open - 2021,F,2318782.7952363943,
2022,us open - 2022,F,2377679.8782353993,
2023,us open - 2023,F,2438072.947142578,
2024,us open - 2024,F,2500000.0,
2000,roland garros - 2000,F,698346.0327000233,
2001,roland garros - 2001,F,716084.021930604,
2002,roland garros - 2002,F,734272.5560876414,
2003,roland garros - 2003,F,752923.0790122675,
2004,roland garros - 2004,F,772047.3252191792,
2005,roland garros - 2005,F,791657.3272797463,
2006,roland garros - 2006,F,811765.4233926521,
2007,roland garros - 2007,F,832384.2651468255,
2008,roland garros - 2008,F,853526.8254815548,
2009,roland garros - 2009,F,875206.4068487865,
2010,roland garros - 2010,F,897436.6495827456,
2011,roland garros - 2011,F,920231.5404821475,
2012,roland garros - 2012,F,943605.4216103941,
2013,roland garros - 2013,F,967572.9993192983,
2014,roland garros - 2014,F,992149.3535020085,
2015,roland garros - 2015,F,1017349.9470809596,
2016,roland garros - 2016,F,1043190.6357368161,
2017,roland garros - 2017,F,1069687.6778845312,
2018,roland garros - 2018,F,1096857.7449027984,
2019,roland garros - 2019,F,1124717.9316233296,
2020,roland garros - 2020,F,1153285.7670865622,
2021,roland garros - 2021,F,1182579.2255705611,
2022,roland garros - 2022,F,1212616.7379000536,
2023,roland garros - 2023,F,1243417.2030427149,
2024,roland garros - 2024,F,1275000.0,
2000,wimbledon - 2000,F,832538.0154541454,
2001,wimbledon - 2001,F,853684.4810466808,
2002,wimbledon - 2002,F,875368.0668652665,
2003,wimbledon - 2003,F,897602.4157636444,
2004,wimbledon - 2004,F,920401.5171240411,
2005,wimbledon - 2005,F,943779.7156589917,
2006,wimbledon - 2006,F,967751.7204367303,
2007,wimbledon - 2007,F,992332.6141358233,
2008,wimbledon - 2008,F,1017537.8625348733,
2009,wimbledon - 2009,F,1043383.3242432592,
2010,wimbledon - 2010,F,1069885.260679038,
2011,wimbledon - 2011,F,1097060.3463002855,
2012,wimbledon - 2012,F,1124925.679096313,
2013,wimbledon - 2013,F,1153498.7913453595,
2014,wimbledon - 2014,F,1182797.6606455317,
2015,wimbledon - 2015,F,1212840.7212259283,
2016,wimbledon - 2016,F,1243646.875545067,
2017,wimbledon - 2017,F,1275235.5061839118,
2018,wimbledon - 2018,F,1307626.4880409834,
2019,wimbledon - 2019,F,1340840.2008372245,
2020,wimbledon - 2020,F,1374897.54193849,
2021,wimbledon - 2021,F,1409819.9395037277,
2022,wimbledon - 2022,F,1445629.3659671226,
2023,wimbledon - 2023,F,1482348.3518626876,
2024,wimbledon - 2024,F,1520000.0,
2000,australian open - 2000,F,1040672.5193176818,
2001,australian open - 2001,F,1067105.601308351,
2002,australian open - 2002,F,1094210.083581583,
2003,australian open - 2003,F,1122003.0197045554,
2004,australian open - 2004,F,1150501.8964050512,
2005,australian open - 2005,F,1179724.6445737397,
2006,australian open - 2006,F,1209689.6505459128,
2007,australian open - 2007,F,1240415.767669779,
2008,australian open - 2008,F,1271922.3281685917,
2009,australian open - 2009,F,1304229.1553040738,
2010,australian open - 2010,F,1337356.5758487973,
2011,australian open - 2011,F,1371325.4328753569,
2012,australian open - 2012,F,1406157.0988703913,
2013,australian open - 2013,F,1441873.4891816995,
2014,australian open - 2014,F,1478497.0758069146,
2015,australian open - 2015,F,1516050.9015324102,
2016,australian open - 2016,F,1554558.594431334,
2017,australian open - 2017,F,1594044.3827298898,
2018,australian open - 2018,F,1634533.1100512291,
2019,australian open - 2019,F,1676050.2510465304,
2020,australian open - 2020,F,1718621.9274231123,
2021,australian open - 2021,F,1762274.9243796598,
2022,australian open - 2022,F,1807036.7074589033,
2023,australian open - 2023,F,1852935.4398283595,
2024,australian open - 2024,F,1900000.0,
2000,us open - 2000,SF,690130.1970211995,
2001,us open - 2001,SF,707659.504025538,
2002,us open - 2002,SF,725634.0554277868,
2003,us open - 2003,SF,744065.1604356526,
2004,us open - 2004,SF,762964.4155107182,
2005,us open - 2005,SF,782343.7116646905,
2006,us open - 2006,SF,802215.2419409738,
2007,us open - 2007,SF,822591.5090862745,
2008,us open - 2008,SF,843485.333417066,
2009,us open - 2009,SF,864909.8608858596,
2010,us open - 2010,SF,886878.5713523604,
2011,us open - 2011,SF,909405.2870647104,
2012,us open - 2012,SF,932504.1813561543,
2013,us open - 2013,SF,956189.7875626007,
2014,us open - 2014,SF,980477.0081666908,
2015,us open - 2015,SF,1005381.1241741247,
2016,us open - 2016,SF,1030917.8047281477,
2017,us open - 2017,SF,1057103.1169682427,
2018,us open - 2018,SF,1083953.5361392363,
2019,us open - 2019,SF,1111485.955957173,
2020,us open - 2020,SF,1139717.6992384852,
2021,us open - 2021,SF,1168666.5287991427,
2022,us open - 2022,SF,1198350.6586306412,
2023,us open - 2023,SF,1228788.7653598594,
2024,us open - 2024,SF,1260000.0,
2000,roland garros - 2000,SF,377928.44122589496,
2001,roland garros - 2001,SF,387527.82363303273,
2002,roland garros - 2002,SF,397371.0303533118,
2003,roland garros - 2003,SF,407464.25452428596,
2004,roland garros - 2004,SF,417813.8465892028,
2005,roland garros - 2005,SF,428426.3182925686,
2006,roland garros - 2006,SF,439308.34677719994,
2007,roland garros - 2007,SF,450466.77878534084,
2008,roland garros - 2008,SF,461908.6349664885,
2009,roland garros - 2009,SF,473641.1142946374,
2010,roland garros - 2010,SF,485671.5985977212,
2011,roland garros - 2011,SF,498007.65720210335,
2012,roland garros - 2012,SF,510657.0516950368,
2013,roland garros - 2013,SF,523627.74080809084,
2014,roland garros - 2014,SF,536927.8854246164,
2015,roland garros - 2015,SF,550565.8537144016,
2016,roland garros - 2016,SF,564550.2263987475,
2017,roland garros - 2017,SF,578889.8021492758,
2018,roland garros - 2018,SF,593593.6031238674,
2019,roland garros - 2019,SF,608670.8806432137,
2020,roland garros - 2020,SF,624131.1210115514,
2021,roland garros - 2021,SF,639984.0514852449,
2022,roland garros - 2022,SF,656239.6463929701,
2023,roland garros - 2023,SF,672908.1334113516,
2024,roland garros - 2024,SF,690000.0,
2000,wimbledon - 2000,SF,424484.8434058965,
2001,wimbledon - 2001,SF,435266.7584284063,
2002,wimbledon - 2002,SF,446322.5340924879,
2003,wimbledon - 2003,SF,457659.1264584371,
2004,wimbledon - 2004,SF,469283.66827048146,
2005,wimbledon - 2005,SF,481203.4734445517,
2006,wimbledon - 2006,SF,493426.04167004337,
2007,wimbledon - 2007,SF,505959.0631284625,
2008,wimbledon - 2008,SF,518810.4233319255,
2009,wimbledon - 2009,SF,531988.2080845565,
2010,wimbledon - 2010,SF,545500.7085699042,
2011,wimbledon - 2011,SF,559356.4265675799,
2012,wimbledon - 2012,SF,573564.0798023965,
2013,wimbledon - 2013,SF,588132.6074293774,
2014,wimbledon - 2014,SF,603071.1756580836,
2015,wimbledon - 2015,SF,618389.1835197989,
2016,wimbledon - 2016,SF,634096.2687812019,
2017,wimbledon - 2017,SF,650202.3140082445,
2018,wimbledon - 2018,SF,666717.452784054,
2019,wimbledon - 2019,SF,683652.076084769,
2020,wimbledon - 2020,SF,701016.8388173222,
2021,wimbledon - 2021,SF,718822.6665232823,
2022,wimbledon - 2022,SF,737080.7622529737,
2023,wimbledon - 2023,SF,755802.6136141992,
2024,wimbledon - 2024,SF,775000.0,
2000,australian open - 2000,SF,602494.6164470789,
2001,australian open - 2001,SF,617797.9797048348,
2002,australian open - 2002,SF,633490.0483893376,
2003,australian open - 2003,SF,649580.6956184269,
2004,australian open - 2004,SF,666080.0452871349,
2005,australian open - 2005,SF,682998.4784374282,
2006,australian open - 2006,SF,700346.639789739,
2007,australian open - 2007,SF,718135.4444403985,
2008,australian open - 2008,SF,736376.0847291846,
2009,australian open - 2009,SF,755080.037281306,
2010,australian open - 2010,SF,774259.0702282512,
2011,australian open - 2011,SF,793925.2506120488,
2012,australian open - 2012,SF,814090.951977595,
2013,australian open - 2013,SF,834768.862157826,
2014,australian open - 2014,SF,855971.9912566348,
2015,australian open - 2015,SF,877713.6798345533,
2016,australian open - 2016,SF,900007.6073023512,
2017,australian open - 2017,SF,922867.800527831,
2018,australian open - 2018,SF,946308.642661238,
2019,australian open - 2019,SF,970344.8821848334,
2020,australian open - 2020,SF,994991.6421923282,
2021,australian open - 2021,SF,1020264.4299040135,
2022,australian open - 2022,SF,1046179.1464235756,
2023,australian open - 2023,SF,1072752.0967427345,
2024,australian open - 2024,SF,1100000.0,
2000,us open - 2000,QF,361496.7698682473,
2001,us open - 2001,QF,370678.78782290086,
2002,us open - 2002,QF,380094.02903360256,
2003,us open - 2003,QF,389748.4173710561,
2004,us open - 2004,QF,399648.027172281,
2005,us open - 2005,QF,409799.08706245694,
2006,us open - 2006,QF,420207.9838738434,
2007,us open - 2007,QF,430881.26666423905,
2008,us open - 2008,QF,441825.65083751077,
2009,us open - 2009,QF,453048.0223687836,
2010,us open - 2010,QF,464555.4421369507,
2011,us open - 2011,QF,476355.15036722925,
2012,us open - 2012,QF,488454.57118655695,
2013,us open - 2013,QF,500861.3172946956,
2014,us open - 2014,QF,513583.1947539809,
2015,us open - 2015,QF,526628.2079007319,
2016,us open - 2016,QF,540004.5643814107,
2017,us open - 2017,QF,553720.6803166985,
2018,us open - 2018,QF,567785.1855967428,
2019,us open - 2019,QF,582206.9293109,
2020,us open - 2020,QF,596994.9853153969,
2021,us open - 2021,QF,612158.6579424081,
2022,us open - 2022,QF,627707.4878541454,
2023,us open - 2023,QF,643651.2580456407,
2024,us open - 2024,QF,660000.0,
2000,roland garros - 2000,QF,240997.84657883155,
2001,roland garros - 2001,QF,247119.19188193392,
2002,roland garros - 2002,QF,253396.01935573504,
2003,roland garros - 2003,QF,259832.27824737073,
2004,roland garros - 2004,QF,266432.018114854,
2005,roland garros - 2005,QF,273199.39137497125,
2006,roland garros - 2006,QF,280138.6559158956,
2007,roland garros - 2007,QF,287254.17777615937,
2008,roland garros - 2008,QF,294550.43389167386,
2009,roland garros - 2009,QF,302032.0149125224,
2010,roland garros - 2010,QF,309703.62809130043,
2011,roland garros - 2011,QF,317570.10024481954,
2012,roland garros - 2012,QF,325636.380791038,
2013,roland garros - 2013,QF,333907.5448631304,
2014,roland garros - 2014,QF,342388.7965026539,
2015,roland garros - 2015,QF,351085.47193382133,
2016,roland garros - 2016,QF,360003.04292094044,
2017,roland garros - 2017,QF,369147.1202111324,
2018,roland garros - 2018,QF,378523.4570644952,
2019,roland garros - 2019,QF,388137.95287393336,
2020,roland garros - 2020,QF,397996.6568769313,
2021,roland garros - 2021,QF,408105.7719616054,
2022,roland garros - 2022,QF,418471.65856943023,
2023,roland garros - 2023,QF,429100.8386970938,
2024,roland garros - 2024,QF,440000.0,
2000,wimbledon - 2000,QF,219088.95143530142,
2001,wimbledon - 2001,QF,224653.8108017581,
2002,wimbledon - 2002,QF,230360.01759612278,
2003,wimbledon - 2003,QF,236211.1620430643,
2004,wimbledon - 2004,QF,242210.92555895817,
2005,wimbledon - 2005,QF,248363.0830681557,
2006,wimbledon - 2006,QF,254671.5053780869,
2007,wimbledon - 2007,QF,261140.16161469035,
2008,wimbledon - 2008,QF,267773.1217197035,
2009,wimbledon - 2009,QF,274574.559011384,
2010,wimbledon - 2010,QF,281548.75281027314,
2011,wimbledon - 2011,QF,288700.0911316541,
2012,wimbledon - 2012,QF,296033.07344639814,
2013,wimbledon - 2013,QF,303552.3135119367,
2014,wimbledon - 2014,QF,311262.54227513995,
2015,wimbledon - 2015,QF,319168.61084892845,
2016,wimbledon - 2016,QF,327275.49356449133,
2017,wimbledon - 2017,QF,335588.29110102943,
2018,wimbledon - 2018,QF,344112.23369499564,
2019,wimbledon - 2019,QF,352852.6844308485,
2020,wimbledon - 2020,QF,361815.1426153921,
2021,wimbledon - 2021,QF,371005.2472378231,
2022,wimbledon - 2022,QF,380428.78051766386,
2023,wimbledon - 2023,QF,390091.67154281255,
2024,wimbledon - 2024,QF,400000.0,
2000,australian open - 2000,QF,364235.3817611886,
2001,australian open - 2001,QF,373486.96045792283,
2002,australian open - 2002,QF,382973.5292535541,
2003,australian open - 2003,QF,392701.0568965944,
2004,australian open - 2004,QF,402675.66374176793,
2005,australian open - 2005,QF,412903.6256008089,
2006,australian open - 2006,QF,423391.3776910695,
2007,australian open - 2007,QF,434145.5186844227,
2008,australian open - 2008,QF,445172.8148590071,
2009,australian open - 2009,QF,456480.20435642585,
2010,australian open - 2010,QF,468074.8015470791,
2011,australian open - 2011,QF,479963.90150637494,
2012,australian open - 2012,QF,492154.98460463696,
2013,australian open - 2013,QF,504655.7212135948,
2014,australian open - 2014,QF,517473.97653242014,
2015,australian open - 2015,QF,530617.8155363436,
2016,australian open - 2016,QF,544095.5080509669,
2017,australian open - 2017,QF,557915.5339554615,
2018,australian open - 2018,QF,572086.5885179302,
2019,australian open - 2019,QF,586617.5878662857,
2020,australian open - 2020,QF,601517.6745980893,
2021,australian open - 2021,QF,616796.2235328809,
2022,australian open - 2022,QF,632462.8476106161,
2023,australian open - 2023,QF,648527.4039399258,
2024,australian open - 2024,QF,665000.0,
2000,us open - 2000,R16,219088.95143530142,
2001,us open - 2001,R16,224653.8108017581,
2002,us open - 2002,R16,230360.01759612278,
2003,us open - 2003,R16,236211.1620430643,
2004,us open - 2004,R16,242210.92555895817,
2005,us open - 2005,R16,248363.0830681557,
2006,us open - 2006,R16,254671.5053780869,
2007,us open - 2007,R16,261140.16161469035,
2008,us open - 2008,R16,267773.1217197035,
2009,us open - 2009,R16,274574.559011384,
2010,us open - 2010,R16,281548.75281027314,
2011,us open - 2011,R16,288700.0911316541,
2012,us open - 2012,R16,296033.07344639814,
2013,us open - 2013,R16,303552.3135119367,
2014,us open - 2014,R16,311262.54227513995,
2015,us open - 2015,R16,319168.61084892845,
2016,us open - 2016,R16,327275.49356449133,
2017,us open - 2017,R16,335588.29110102943,
2018,us open - 2018,R16,344112.23369499564,
2019,us open - 2019,R16,352852.6844308485,
2020,us open - 2020,R16,361815.1426153921,
2021,us open - 2021,R16,371005.2472378231,
2022,us open - 2022,R16,380428.78051766386,
2023,us open - 2023,R16,390091.67154281255,
2024,us open - 2024,R16,400000.0,
2000,roland garros - 2000,R16,145146.4303258872,
2001,roland garros - 2001,R16,148833.14965616475,
2002,roland garros - 2002,R16,152613.51165743134,
2003,roland garros - 2003,R16,156489.8948535301,
2004,roland garros - 2004,R16,160464.7381828098,
2005,roland garros - 2005,R16,164540.54253265317,
2006,roland garros - 2006,R16,168719.87231298257,
2007,roland garros - 2007,R16,173005.35706973236,
2008,roland garros - 2008,R16,177399.69313930356,
2009,roland garros - 2009,R16,181905.64534504188,
2010,roland garros - 2010,R16,186526.04873680597,
2011,roland garros - 2011,R16,191263.81037472084,
2012,roland garros - 2012,R16,196121.91115823877,
2013,roland garros - 2013,R16,201103.40770165808,
2014,roland garros - 2014,R16,206211.4342572802,
2015,roland garros - 2015,R16,211449.20468741513,
2016,roland garros - 2016,R16,216820.0144864755,
2017,roland garros - 2017,R16,222327.242854432,
2018,roland garros - 2018,R16,227974.3548229346,
2019,roland garros - 2019,R16,233764.90343543715,
2020,roland garros - 2020,R16,239702.53198269726,
2021,roland garros - 2021,R16,245790.9762950578,
2022,roland garros - 2022,R16,252034.06709295232,
2023,roland garros - 2023,R16,258435.7323971133,
2024,roland garros - 2024,R16,265000.0,
2000,wimbledon - 2000,R16,131453.37086118085,
2001,wimbledon - 2001,R16,134792.28648105485,
2002,wimbledon - 2002,R16,138216.01055767367,
2003,wimbledon - 2003,R16,141726.69722583858,
2004,wimbledon - 2004,R16,145326.5553353749,
2005,wimbledon - 2005,R16,149017.84984089344,
2006,wimbledon - 2006,R16,152802.90322685216,
2007,wimbledon - 2007,R16,156684.0969688142,
2008,wimbledon - 2008,R16,160663.8730318221,
2009,wimbledon - 2009,R16,164744.73540683038,
2010,wimbledon - 2010,R16,168929.2516861639,
2011,wimbledon - 2011,R16,173220.05467899246,
2012,wimbledon - 2012,R16,177619.8440678389,
2013,wimbledon - 2013,R16,182131.38810716203,
2014,wimbledon - 2014,R16,186757.52536508397,
2015,wimbledon - 2015,R16,191501.16650935708,
2016,wimbledon - 2016,R16,196365.2961386948,
2017,wimbledon - 2017,R16,201352.97466061765,
2018,wimbledon - 2018,R16,206467.34021699737,
2019,wimbledon - 2019,R16,211711.6106585091,
2020,wimbledon - 2020,R16,217089.08556923526,
2021,wimbledon - 2021,R16,222603.14834269386,
2022,wimbledon - 2022,R16,228257.26831059833,
2023,wimbledon - 2023,R16,234055.00292568753,
2024,wimbledon - 2024,R16,240000.0,
2000,australian open - 2000,R16,230043.3990070665,
2001,australian open - 2001,R16,235886.50134184601,
2002,australian open - 2002,R16,241878.01847592893,
2003,australian open - 2003,R16,248021.72014521752,
2004,australian open - 2004,R16,254321.47183690607,
2005,australian open - 2005,R16,260781.2372215635,
2006,australian open - 2006,R16,267405.08064699126,
2007,australian open - 2007,R16,274197.16969542485,
2008,australian open - 2008,R16,281161.7778056887,
2009,australian open - 2009,R16,288303.2869619532,
2010,australian open - 2010,R16,295626.1904507868,
2011,australian open - 2011,R16,303135.0956882368,
2012,australian open - 2012,R16,310834.7271187181,
2013,australian open - 2013,R16,318729.92918753356,
2014,australian open - 2014,R16,326825.6693888969,
2015,australian open - 2015,R16,335127.0413913749,
2016,australian open - 2016,R16,343639.2682427159,
2017,australian open - 2017,R16,352367.7056560809,
2018,australian open - 2018,R16,361317.8453797454,
2019,australian open - 2019,R16,370495.31865239097,
2020,australian open - 2020,R16,379905.8997461617,
2021,australian open - 2021,R16,389555.50959971425,
2022,australian open - 2022,R16,399450.2195435471,
2023,australian open - 2023,R16,409596.25511995313,
2024,australian open - 2024,R16,420000.0,
2000,us open - 2000,R32,129810.2037254161,
2001,us open - 2001,R32,133107.38290004167,
2002,us open - 2002,R32,136488.31042570274,
2003,us open - 2003,R32,139955.1135105156,
2004,us open - 2004,R32,143509.9733936827,
2005,us open - 2005,R32,147155.12671788226,
2006,us open - 2006,R32,150892.86693651648,
2007,us open - 2007,R32,154725.54575670403,
2008,us open - 2008,R32,158655.57461892432,
2009,us open - 2009,R32,162685.426214245,
2010,us open - 2010,R32,166817.63604008683,
2011,us open - 2011,R32,171054.80399550506,
2012,us open - 2012,R32,175399.59601699092,
2013,us open - 2013,R32,179854.7457558225,
2014,us open - 2014,R32,184423.0562980204,
2015,us open - 2015,R32,189107.4019279901,
2016,us open - 2016,R32,193910.7299369611,
2017,us open - 2017,R32,198836.06247735993,
2018,us open - 2018,R32,203886.4984642849,
2019,us open - 2019,R32,209065.21552527774,
2020,us open - 2020,R32,214375.47199961983,
2021,us open - 2021,R32,219820.60898841018,
2022,us open - 2022,R32,225404.05245671584,
2023,us open - 2023,R32,231129.3153891164,
2024,us open - 2024,R32,237000.0,
2000,roland garros - 2000,R32,92017.3596028266,
2001,roland garros - 2001,R32,94354.6005367384,
2002,roland garros - 2002,R32,96751.20739037156,
2003,roland garros - 2003,R32,99208.688058087,
2004,roland garros - 2004,R32,101728.58873476244,
2005,roland garros - 2005,R32,104312.4948886254,
2006,roland garros - 2006,R32,106962.0322587965,
2007,roland garros - 2007,R32,109678.86787816994,
2008,roland garros - 2008,R32,112464.71112227546,
2009,roland garros - 2009,R32,115321.31478478128,
2010,roland garros - 2010,R32,118250.47618031473,
2011,roland garros - 2011,R32,121254.03827529472,
2012,roland garros - 2012,R32,124333.89084748723,
2013,roland garros - 2013,R32,127491.97167501342,
2014,roland garros - 2014,R32,130730.26775555877,
2015,roland garros - 2015,R32,134050.81655654995,
2016,roland garros - 2016,R32,137455.70729708637,
2017,roland garros - 2017,R32,140947.08226243235,
2018,roland garros - 2018,R32,144527.13815189817,
2019,roland garros - 2019,R32,148198.12746095637,
2020,roland garros - 2020,R32,151962.35989846467,
2021,roland garros - 2021,R32,155822.2038398857,
2022,roland garros - 2022,R32,159780.08781741883,
2023,roland garros - 2023,R32,163838.50204798125,
2024,roland garros - 2024,R32,168000.0,
2000,wimbledon - 2000,R32,83253.80154541454,
2001,wimbledon - 2001,R32,85368.44810466807,
2002,wimbledon - 2002,R32,87536.80668652666,
2003,wimbledon - 2003,R32,89760.24157636444,
2004,wimbledon - 2004,R32,92040.1517124041,
2005,wimbledon - 2005,R32,94377.97156589916,
2006,wimbledon - 2006,R32,96775.17204367302,
2007,wimbledon - 2007,R32,99233.26141358232,
2008,wimbledon - 2008,R32,101753.78625348733,
2009,wimbledon - 2009,R32,104338.33242432591,
2010,wimbledon - 2010,R32,106988.52606790379,
2011,wimbledon - 2011,R32,109706.03463002856,
2012,wimbledon - 2012,R32,112492.5679096313,
2013,wimbledon - 2013,R32,115349.87913453595,
2014,wimbledon - 2014,R32,118279.76606455317,
2015,wimbledon - 2015,R32,121284.07212259283,
2016,wimbledon - 2016,R32,124364.6875545067,
2017,wimbledon - 2017,R32,127523.55061839118,
2018,wimbledon - 2018,R32,130762.64880409834,
2019,wimbledon - 2019,R32,134084.02008372243,
2020,wimbledon - 2020,R32,137489.754193849,
2021,wimbledon - 2021,R32,140981.9939503728,
2022,wimbledon - 2022,R32,144562.93659671227,
2023,wimbledon - 2023,R32,148234.83518626876,
2024,wimbledon - 2024,R32,152000.0,
2000,australian open - 2000,R32,158839.48979059354,
2001,australian open - 2001,R32,162874.01283127462,
2002,australian open - 2002,R32,167011.01275718902,
2003,australian open - 2003,R32,171253.09248122163,
2004,australian open - 2004,R32,175602.92103024467,
2005,australian open - 2005,R32,180063.2352244129,
2006,australian open - 2006,R32,184636.841399113,
2007,australian open - 2007,R32,189326.6171706505,
2008,australian open - 2008,R32,194135.51324678503,
2009,australian open - 2009,R32,199066.5552832534,
2010,australian open - 2010,R32,204122.84578744802,
2011,australian open - 2011,R32,209307.56607044922,
2012,australian open - 2012,R32,214623.97824863865,
2013,australian open - 2013,R32,220075.4272961541,
2014,australian open - 2014,R32,225665.34314947645,
2015,australian open - 2015,R32,231397.24286547315,
2016,australian open - 2016,R32,237274.73283425623,
2017,australian open - 2017,R32,243301.51104824632,
2018,australian open - 2018,R32,249481.3694288718,
2019,australian open - 2019,R32,255818.19621236518,
2020,australian open - 2020,R32,262315.97839615925,
2021,australian open - 2021,R32,268978.80424742174,
2022,australian open - 2022,R32,275810.8658753063,
2023,australian open - 2023,R32,282816.4618685391,
2024,australian open - 2024,R32,290000.0,
2000,us open - 2000,R64,84349.24630259105,
2001,us open - 2001,R64,86491.71715867687,
2002,us open - 2002,R64,88688.60677450727,
2003,us open - 2003,R64,90941.29738657975,
2004,us open - 2004,R64,93251.2063401989,
2005,us open - 2005,R64,95619.78698123994,
2006,us open - 2006,R64,98048.52957056346,
2007,us open - 2007,R64,100538.96222165578,
2008,us open - 2008,R64,103092.65186208584,
2009,us open - 2009,R64,105711.20521938283,
2010,us open - 2010,R64,108396.26983195516,
2011,us open - 2011,R64,111149.53508568683,
2012,us open - 2012,R64,113972.73327686329,
2013,us open - 2013,R64,116867.64070209564,
2014,us open - 2014,R64,119836.07877592888,
2015,us open - 2015,R64,122879.91517683746,
2016,us open - 2016,R64,126001.06502232916,
2017,us open - 2017,R64,129201.49207389633,
2018,us open - 2018,R64,132483.2099725733,
2019,us open - 2019,R64,135848.2835058767,
2020,us open - 2020,R64,139298.82990692597,
2021,us open - 2021,R64,142837.0201865619,
2022,us open - 2022,R64,146465.0804993006,
2023,us open - 2023,R64,150185.2935439828,
2024,us open - 2024,R64,154000.0,
2000,roland garros - 2000,R64,64083.51829482567,
2001,roland garros - 2001,R64,65711.23965951425,
2002,roland garros - 2002,R64,67380.30514686591,
2003,roland garros - 2003,R64,69091.76489759631,
2004,roland garros - 2004,R64,70846.69572599526,
2005,roland garros - 2005,R64,72646.20179743554,
2006,roland garros - 2006,R64,74491.41532309042,
2007,roland garros - 2007,R64,76383.49727229693,
2008,roland garros - 2008,R64,78323.63810301328,
2009,roland garros - 2009,R64,80313.05851082981,
2010,roland garros - 2010,R64,82353.0101970049,
2011,roland garros - 2011,R64,84444.77665600882,
2012,roland garros - 2012,R64,86589.67398307147,
2013,roland garros - 2013,R64,88789.05170224149,
2014,roland garros - 2014,R64,91044.29361547843,
2015,roland garros - 2015,R64,93356.81867331157,
2016,roland garros - 2016,R64,95728.08186761371,
2017,roland garros - 2017,R64,98159.5751470511,
2018,roland garros - 2018,R64,100652.82835578622,
2019,roland garros - 2019,R64,103209.4101960232,
2020,roland garros - 2020,R64,105830.92921500218,
2021,roland garros - 2021,R64,108519.03481706326,
2022,roland garros - 2022,R64,111275.41830141668,
2023,roland garros - 2023,R64,114101.81392627266,
2024,roland garros - 2024,R64,117000.0,
2000,wimbledon - 2000,R64,54224.5154802371,
2001,wimbledon - 2001,R64,55601.81817343513,
2002,wimbledon - 2002,R64,57014.104355040385,
2003,wimbledon - 2003,R64,58462.26260565842,
2004,wimbledon - 2004,R64,59947.20407584215,
2005,wimbledon - 2005,R64,61469.86305936854,
2006,wimbledon - 2006,R64,63031.19758107651,
2007,wimbledon - 2007,R64,64632.18999963586,
2008,wimbledon - 2008,R64,66273.84762562661,
2009,wimbledon - 2009,R64,67957.20335531754,
2010,wimbledon - 2010,R64,69683.31632054261,
2011,wimbledon - 2011,R64,71453.27255508439,
2012,wimbledon - 2012,R64,73268.18567798355,
2013,wimbledon - 2013,R64,75129.19759420434,
2014,wimbledon - 2014,R64,77037.47921309713,
2015,wimbledon - 2015,R64,78994.23118510979,
2016,wimbledon - 2016,R64,81000.6846572116,
2017,wimbledon - 2017,R64,83058.10204750478,
2018,wimbledon - 2018,R64,85167.77783951141,
2019,wimbledon - 2019,R64,87331.03939663501,
2020,wimbledon - 2020,R64,89549.24779730954,
2021,wimbledon - 2021,R64,91823.79869136123,
2022,wimbledon - 2022,R64,94156.12317812181,
2023,wimbledon - 2023,R64,96547.68870684611,
2024,wimbledon - 2024,R64,99000.0,
2000,australian open - 2000,R64,109544.47571765071,
2001,australian open - 2001,R64,112326.90540087906,
2002,australian open - 2002,R64,115180.00879806139,
2003,australian open - 2003,R64,118105.58102153215,
2004,australian open - 2004,R64,121105.46277947909,
2005,australian open - 2005,R64,124181.54153407786,
2006,australian open - 2006,R64,127335.75268904345,
2007,australian open - 2007,R64,130570.08080734518,
2008,australian open - 2008,R64,133886.56085985174,
2009,australian open - 2009,R64,137287.279505692,
2010,australian open - 2010,R64,140774.37640513657,
2011,australian open - 2011,R64,144350.04556582705,
2012,australian open - 2012,R64,148016.53672319907,
2013,australian open - 2013,R64,151776.15675596835,
2014,australian open - 2014,R64,155631.27113756997,
2015,australian open - 2015,R64,159584.30542446423,
2016,australian open - 2016,R64,163637.74678224567,
2017,australian open - 2017,R64,167794.14555051472,
2018,australian open - 2018,R64,172056.11684749782,
2019,australian open - 2019,R64,176426.34221542426,
2020,australian open - 2020,R64,180907.57130769605,
2021,australian open - 2021,R64,185502.62361891154,
2022,australian open - 2022,R64,190214.39025883193,
2023,australian open - 2023,R64,195045.83577140627,
2024,australian open - 2024,R64,200000.0,
2000,us open - 2000,R128,60249.46164470789,
2001,us open - 2001,R128,61779.79797048348,
2002,us open - 2002,R128,63349.00483893376,
2003,us open - 2003,R128,64958.06956184268,
2004,us open - 2004,R128,66608.0045287135,
2005,us open - 2005,R128,68299.84784374281,
2006,us open - 2006,R128,70034.6639789739,
2007,us open - 2007,R128,71813.54444403984,
2008,us open - 2008,R128,73637.60847291847,
2009,us open - 2009,R128,75508.0037281306,
2010,us open - 2010,R128,77425.90702282511,
2011,us open - 2011,R128,79392.52506120488,
2012,us open - 2012,R128,81409.0951977595,
2013,us open - 2013,R128,83476.8862157826,
2014,us open - 2014,R128,85597.19912566348,
2015,us open - 2015,R128,87771.36798345533,
2016,us open - 2016,R128,90000.76073023511,
2017,us open - 2017,R128,92286.7800527831,
2018,us open - 2018,R128,94630.8642661238,
2019,us open - 2019,R128,97034.48821848334,
2020,us open - 2020,R128,99499.16421923283,
2021,us open - 2021,R128,102026.44299040135,
2022,us open - 2022,R128,104617.91464235756,
2023,us open - 2023,R128,107275.20967427344,
2024,us open - 2024,R128,110000.0,
2000,roland garros - 2000,R128,42722.34552988378,
2001,roland garros - 2001,R128,43807.49310634283,
2002,roland garros - 2002,R128,44920.20343124394,
2003,roland garros - 2003,R128,46061.17659839754,
2004,roland garros - 2004,R128,47231.13048399684,
2005,roland garros - 2005,R128,48430.80119829036,
2006,roland garros - 2006,R128,49660.943548726944,
2007,roland garros - 2007,R128,50922.331514864614,
2008,roland garros - 2008,R128,52215.758735342184,
2009,roland garros - 2009,R128,53542.03900721988,
2010,roland garros - 2010,R128,54902.00679800326,
2011,roland garros - 2011,R128,56296.51777067255,
2012,roland garros - 2012,R128,57726.44932204764,
2013,roland garros - 2013,R128,59192.70113482766,
2014,roland garros - 2014,R128,60696.195743652286,
2015,roland garros - 2015,R128,62237.87911554105,
2016,roland garros - 2016,R128,63818.72124507581,
2017,roland garros - 2017,R128,65439.71676470074,
2018,roland garros - 2018,R128,67101.88557052414,
2019,roland garros - 2019,R128,68806.27346401547,
2020,roland garros - 2020,R128,70553.95281000146,
2021,roland garros - 2021,R128,72346.0232113755,
2022,roland garros - 2022,R128,74183.61220094445,
2023,roland garros - 2023,R128,76067.87595084844,
2024,roland garros - 2024,R128,78000.0,
2000,wimbledon - 2000,R128,36149.676986824736,
2001,wimbledon - 2001,R128,37067.878782290085,
2002,wimbledon - 2002,R128,38009.40290336026,
2003,wimbledon - 2003,R128,38974.84173710561,
2004,wimbledon - 2004,R128,39964.8027172281,
2005,wimbledon - 2005,R128,40979.90870624569,
2006,wimbledon - 2006,R128,42020.79838738434,
2007,wimbledon - 2007,R128,43088.12666642391,
2008,wimbledon - 2008,R128,44182.56508375108,
2009,wimbledon - 2009,R128,45304.80223687836,
2010,wimbledon - 2010,R128,46455.544213695066,
2011,wimbledon - 2011,R128,47635.51503672293,
2012,wimbledon - 2012,R128,48845.45711865569,
2013,wimbledon - 2013,R128,50086.13172946956,
2014,wimbledon - 2014,R128,51358.319475398086,
2015,wimbledon - 2015,R128,52662.8207900732,
2016,wimbledon - 2016,R128,54000.45643814107,
2017,wimbledon - 2017,R128,55372.068031669856,
2018,wimbledon - 2018,R128,56778.518559674274,
2019,wimbledon - 2019,R128,58220.69293109001,
2020,wimbledon - 2020,R128,59699.49853153969,
2021,wimbledon - 2021,R128,61215.86579424081,
2022,wimbledon - 2022,R128,62770.74878541454,
2023,wimbledon - 2023,R128,64365.125804564064,
2024,wimbledon - 2024,R128,66000.0,
2000,australian open - 2000,R128,72299.35397364947,
2001,australian open - 2001,R128,74135.75756458017,
2002,australian open - 2002,R128,76018.80580672051,
2003,australian open - 2003,R128,77949.68347421123,
2004,australian open - 2004,R128,79929.6054344562,
2005,australian open - 2005,R128,81959.81741249138,
2006,australian open - 2006,R128,84041.59677476868,
2007,australian open - 2007,R128,86176.25333284782,
2008,australian open - 2008,R128,88365.13016750215,
2009,australian open - 2009,R128,90609.60447375671,
2010,australian open - 2010,R128,92911.08842739013,
2011,australian open - 2011,R128,95271.03007344586,
2012,australian open - 2012,R128,97690.91423731139,
2013,australian open - 2013,R128,100172.26345893912,
2014,australian open - 2014,R128,102716.63895079617,
2015,australian open - 2015,R128,105325.6415801464,
2016,australian open - 2016,R128,108000.91287628213,
2017,australian open - 2017,R128,110744.13606333971,
2018,australian open - 2018,R128,113557.03711934855,
2019,australian open - 2019,R128,116441.38586218002,
2020,australian open - 2020,R128,119398.99706307938,
2021,australian open - 2021,R128,122431.73158848162,
2022,australian open - 2022,R128,125541.49757082907,
2023,australian open - 2023,R128,128730.25160912813,
2024,australian open - 2024,R128,132000.0,
2000,us open - 2000,Q3,31329.720055248104,
2001,us open - 2001,Q3,32125.494944651407,
2002,us open - 2002,Q3,32941.48251624556,
2003,us open - 2003,Q3,33778.1961721582,
2004,us open - 2004,Q3,34636.16235493102,
2005,us open - 2005,Q3,35515.92087874626,
2006,us open - 2006,Q3,36418.02526906643,
2007,us open - 2007,Q3,37343.04311090072,
2008,us open - 2008,Q3,38291.5564059176,
2009,us open - 2009,Q3,39264.16193862791,
2010,us open - 2010,Q3,40261.47165186906,
2011,us open - 2011,Q3,41284.113031826535,
2012,us open - 2012,Q3,42332.72950283494,
2013,us open - 2013,Q3,43407.98083220695,
2014,us open - 2014,Q3,44510.54354534501,
2015,us open - 2015,Q3,45641.11135139677,
2016,us open - 2016,Q3,46800.39557972226,
2017,us open - 2017,Q3,47989.12562744721,
2018,us open - 2018,Q3,49208.04941838437,
2019,us open - 2019,Q3,50457.933873611335,
2020,us open - 2020,Q3,51739.56539400107,
2021,us open - 2021,Q3,53053.750355008706,
2022,us open - 2022,Q3,54401.31561402593,
2023,us open - 2023,Q3,55783.10903062219,
2024,us open - 2024,Q3,57200.0,
2000,roland garros - 2000,Q3,23552.062279294903,
2001,roland garros - 2001,Q3,24150.284661188995,
2002,roland garros - 2002,Q3,24763.701891583198,
2003,roland garros - 2003,Q3,25392.699919629413,
2004,roland garros - 2004,Q3,26037.674497588003,
2005,roland garros - 2005,Q3,26699.03142982674,
2006,roland garros - 2006,Q3,27377.186828144342,
2007,roland garros - 2007,Q3,28072.56737357921,
2008,roland garros - 2008,Q3,28785.610584868125,
2009,roland garros - 2009,Q3,29516.765093723778,
2010,roland garros - 2010,Q3,30266.49092710436,
2011,roland garros - 2011,Q3,31035.259796652816,
2012,roland garros - 2012,Q3,31823.5553954878,
2013,roland garros - 2013,Q3,32631.873702533198,
2014,roland garros - 2014,Q3,33460.72329457754,
2015,roland garros - 2015,Q3,34310.62566625981,
2016,roland garros - 2016,Q3,35182.11555818282,
2017,roland garros - 2017,Q3,36075.74129336066,
2018,roland garros - 2018,Q3,36992.06512221203,
2019,roland garros - 2019,Q3,37931.66357631622,
2020,roland garros - 2020,Q3,38895.12783115465,
2021,roland garros - 2021,Q3,39883.06407806598,
2022,roland garros - 2022,Q3,40896.093905648864,
2023,roland garros - 2023,Q3,41934.85469085235,
2024,roland garros - 2024,Q3,43000.0,
2000,wimbledon - 2000,Q3,22730.47871141252,
2001,wimbledon - 2001,Q3,23307.832870682403,
2002,wimbledon - 2002,Q3,23899.85182559774,
2003,wimbledon - 2003,Q3,24506.908061967923,
2004,wimbledon - 2004,Q3,25129.38352674191,
2005,wimbledon - 2005,Q3,25767.669868321154,
2006,wimbledon - 2006,Q3,26422.168682976517,
2007,wimbledon - 2007,Q3,27093.291767524122,
2008,wimbledon - 2008,Q3,27781.461378419237,
2009,wimbledon - 2009,Q3,28487.110497431087,
2010,wimbledon - 2010,Q3,29210.68310406584,
2011,wimbledon - 2011,Q3,29952.63445490911,
2012,wimbledon - 2012,Q3,30713.43137006381,
2013,wimbledon - 2013,Q3,31493.552526863434,
2014,wimbledon - 2014,Q3,32293.488761045766,
2015,wimbledon - 2015,Q3,33113.74337557633,
2016,wimbledon - 2016,Q3,33954.83245731598,
2017,wimbledon - 2017,Q3,34817.2852017318,
2018,wimbledon - 2018,Q3,35701.644245855794,
2019,wimbledon - 2019,Q3,36608.46600970053,
2020,wimbledon - 2020,Q3,37538.32104634693,
2021,wimbledon - 2021,Q3,38491.79440092415,
2022,wimbledon - 2022,Q3,39469.48597870763,
2023,wimbledon - 2023,Q3,40472.0109225668,
2024,wimbledon - 2024,Q3,41500.0,
2000,australian open - 2000,Q3,39436.01125835426,
2001,australian open - 2001,Q3,40437.68594431646,
2002,australian open - 2002,Q3,41464.8031673021,
2003,australian open - 2003,Q3,42518.009167751574,
2004,australian open - 2004,Q3,43597.96660061247,
2005,australian open - 2005,Q3,44705.354952268026,
2006,australian open - 2006,Q3,45840.87096805564,
2007,australian open - 2007,Q3,47005.229090644265,
2008,australian open - 2008,Q3,48199.16190954663,
2009,australian open - 2009,Q3,49423.42062204912,
2010,australian open - 2010,Q3,50678.77550584917,
2011,australian open - 2011,Q3,51966.01640369774,
2012,australian open - 2012,Q3,53285.95322035167,
2013,australian open - 2013,Q3,54639.41643214861,
2014,australian open - 2014,Q3,56027.257609525186,
2015,australian open - 2015,Q3,57450.349952807126,
2016,australian open - 2016,Q3,58909.58884160844,
2017,australian open - 2017,Q3,60405.89239818529,
2018,australian open - 2018,Q3,61940.20206509921,
2019,australian open - 2019,Q3,63513.483197552734,
2020,australian open - 2020,Q3,65126.725670770575,
2021,australian open - 2021,Q3,66780.94450280815,
2022,australian open - 2022,Q3,68477.18049317949,
2023,australian open - 2023,Q3,70216.50087770626,
2024,australian open - 2024,Q3,72000.0,
2000,us open - 2000,Q2,22894.795424989,
2001,us open - 2001,Q2,23476.323228783724,
2002,us open - 2002,Q2,24072.621838794832,
2003,us open - 2003,Q2,24684.066433500222,
2004,us open - 2004,Q2,25311.04172091113,
2005,us open - 2005,Q2,25953.94218062227,
2006,us open - 2006,Q2,26613.172312010083,
2007,us open - 2007,Q2,27289.14688873514,
2008,us open - 2008,Q2,27982.291219709015,
2009,us open - 2009,Q2,28693.041416689626,
2010,us open - 2010,Q2,29421.844668673544,
2011,us open - 2011,Q2,30169.159523257855,
2012,us open - 2012,Q2,30935.456175148607,
2013,us open - 2013,Q2,31721.216761997388,
2014,us open - 2014,Q2,32526.935667752125,
2015,us open - 2015,Q2,33353.119833713026,
2016,us open - 2016,Q2,34200.289077489346,
2017,us open - 2017,Q2,35068.976420057574,
2018,us open - 2018,Q2,35959.728421127045,
2019,us open - 2019,Q2,36873.10552302367,
2020,us open - 2020,Q2,37809.68240330847,
2021,us open - 2021,Q2,38770.04833635251,
2022,us open - 2022,Q2,39754.80756409587,
2023,us open - 2023,Q2,40764.57967622391,
2024,us open - 2024,Q2,41800.0,
2000,roland garros - 2000,Q2,16157.81016835348,
2001,roland garros - 2001,Q2,16568.21854662966,
2002,roland garros - 2002,Q2,16989.051297714053,
2003,roland garros - 2003,Q2,17420.573200675994,
2004,roland garros - 2004,Q2,17863.055759973166,
2005,roland garros - 2005,Q2,18316.777376276485,
2006,roland garros - 2006,Q2,18782.02352163391,
2007,roland garros - 2007,Q2,19259.086919083413,
2008,roland garros - 2008,Q2,19748.267726828133,
2009,roland garros - 2009,Q2,20249.87372708957,
2010,roland garros - 2010,Q2,20764.220519757644,
2011,roland garros - 2011,Q2,21291.63172095949,
2012,roland garros - 2012,Q2,21832.439166671866,
2013,roland garros - 2013,Q2,22386.983121505335,
2014,roland garros - 2014,Q2,22955.61249279157,
2015,roland garros - 2015,Q2,23538.685050108474,
2016,roland garros - 2016,Q2,24136.567650381236,
2017,roland garros - 2017,Q2,24749.63646870092,
2018,roland garros - 2018,Q2,25378.277235005928,
2019,roland garros - 2019,Q2,26022.885476775078,
2020,roland garros - 2020,Q2,26683.866767885167,
2021,roland garros - 2021,Q2,27361.636983789453,
2022,roland garros - 2022,Q2,28056.62256317771,
2023,roland garros - 2023,Q2,28769.260776282423,
2024,roland garros - 2024,Q2,29500.0,
2000,wimbledon - 2000,Q2,14240.781843294593,
2001,wimbledon - 2001,Q2,14602.497702114277,
2002,wimbledon - 2002,Q2,14973.40114374798,
2003,wimbledon - 2003,Q2,15353.72553279918,
2004,wimbledon - 2004,Q2,15743.710161332281,
2005,wimbledon - 2005,Q2,16143.60039943012,
2006,wimbledon - 2006,Q2,16553.64784957565,
2007,wimbledon - 2007,Q2,16974.11050495487,
2008,wimbledon - 2008,Q2,17405.252911780728,
2009,wimbledon - 2009,Q2,17847.34633573996,
2010,wimbledon - 2010,Q2,18300.668932667755,
2011,wimbledon - 2011,Q2,18765.505923557517,
2012,wimbledon - 2012,Q2,19242.14977401588,
2013,wimbledon - 2013,Q2,19730.90037827589,
2014,wimbledon - 2014,Q2,20232.065247884097,
2015,wimbledon - 2015,Q2,20745.95970518035,
2016,wimbledon - 2016,Q2,21272.907081691937,
2017,wimbledon - 2017,Q2,21813.238921566914,
2018,wimbledon - 2018,Q2,22367.295190174715,
2019,wimbledon - 2019,Q2,22935.424488005152,
2020,wimbledon - 2020,Q2,23517.984270000485,
2021,wimbledon - 2021,Q2,24115.3410704585,
2022,wimbledon - 2022,Q2,24727.87073364815,
2023,wimbledon - 2023,Q2,25355.958650282813,
2024,wimbledon - 2024,Q2,26000.0,
2000,australian open - 2000,Q2,26838.396550824426,
2001,australian open - 2001,Q2,27520.091823215367,
2002,australian open - 2002,Q2,28219.10215552504,
2003,australian open - 2003,Q2,28935.867350275377,
2004,australian open - 2004,Q2,29670.838380972375,
2005,australian open - 2005,Q2,30424.477675849073,
2006,australian open - 2006,Q2,31197.259408815647,
2007,australian open - 2007,Q2,31989.66979779957,
2008,australian open - 2008,Q2,32802.20741066368,
2009,australian open - 2009,Q2,33635.38347889454,
2010,australian open - 2010,Q2,34489.72221925846,
2011,australian open - 2011,Q2,35365.76116362763,
2012,australian open - 2012,Q2,36264.05149718378,
2013,australian open - 2013,Q2,37185.15840521225,
2014,australian open - 2014,Q2,38129.66142870464,
2015,australian open - 2015,Q2,39098.15482899374,
2016,australian open - 2016,Q2,40091.24796165019,
2017,australian open - 2017,Q2,41109.565659876105,
2018,australian open - 2018,Q2,42153.74862763696,
2019,australian open - 2019,Q2,43224.453842778945,
2020,australian open - 2020,Q2,44322.35497038553,
2021,australian open - 2021,Q2,45448.14278663333,
2022,australian open - 2022,Q2,46602.525613413825,
2023,australian open - 2023,Q2,47786.22976399453,
2024,australian open - 2024,Q2,49000.0,
2000,us open - 2000,Q1,15062.365411176972,
2001,us open - 2001,Q1,15444.94949262087,
2002,us open - 2002,Q1,15837.25120973344,
2003,us open - 2003,Q1,16239.51739046067,
2004,us open - 2004,Q1,16652.001132178375,
2005,us open - 2005,Q1,17074.961960935703,
2006,us open - 2006,Q1,17508.665994743475,
2007,us open - 2007,Q1,17953.38611100996,
2008,us open - 2008,Q1,18409.402118229616,
2009,us open - 2009,Q1,18877.00093203265,
2010,us open - 2010,Q1,19356.476755706277,
2011,us open - 2011,Q1,19848.13126530122,
2012,us open - 2012,Q1,20352.273799439874,
2013,us open - 2013,Q1,20869.22155394565,
2014,us open - 2014,Q1,21399.29978141587,
2015,us open - 2015,Q1,21942.841995863833,
2016,us open - 2016,Q1,22500.190182558777,
2017,us open - 2017,Q1,23071.695013195775,
2018,us open - 2018,Q1,23657.71606653095,
2019,us open - 2019,Q1,24258.622054620835,
2020,us open - 2020,Q1,24874.791054808207,
2021,us open - 2021,Q1,25506.610747600338,
2022,us open - 2022,Q1,26154.47866058939,
2023,us open - 2023,Q1,26818.80241856836,
2024,us open - 2024,Q1,27500.0,
2000,roland garros - 2000,Q1,11502.169950353325,
2001,roland garros - 2001,Q1,11794.3250670923,
2002,roland garros - 2002,Q1,12093.900923796446,
2003,roland garros - 2003,Q1,12401.086007260876,
2004,roland garros - 2004,Q1,12716.073591845305,
2005,roland garros - 2005,Q1,13039.061861078175,
2006,roland garros - 2006,Q1,13370.254032349563,
2007,roland garros - 2007,Q1,13709.858484771243,
2008,roland garros - 2008,Q1,14058.088890284433,
2009,roland garros - 2009,Q1,14415.16434809766,
2010,roland garros - 2010,Q1,14781.30952253934,
2011,roland garros - 2011,Q1,15156.75478441184,
2012,roland garros - 2012,Q1,15541.736355935904,
2013,roland garros - 2013,Q1,15936.496459376678,
2014,roland garros - 2014,Q1,16341.283469444847,
2015,roland garros - 2015,Q1,16756.352069568744,
2016,roland garros - 2016,Q1,17181.963412135796,
2017,roland garros - 2017,Q1,17618.385282804044,
2018,roland garros - 2018,Q1,18065.89226898727,
2019,roland garros - 2019,Q1,18524.765932619546,
2020,roland garros - 2020,Q1,18995.294987308083,
2021,roland garros - 2021,Q1,19477.775479985714,
2022,roland garros - 2022,Q1,19972.510977177353,
2023,roland garros - 2023,Q1,20479.812755997656,
2024,roland garros - 2024,Q1,21000.0,
2000,wimbledon - 2000,Q1,8489.69686811793,
2001,wimbledon - 2001,Q1,8705.335168568126,
2002,wimbledon - 2002,Q1,8926.450681849758,
2003,wimbledon - 2003,Q1,9153.182529168742,
2004,wimbledon - 2004,Q1,9385.67336540963,
2005,wimbledon - 2005,Q1,9624.069468891033,
2006,wimbledon - 2006,Q1,9868.520833400868,
2007,wimbledon - 2007,Q1,10119.181262569251,
2008,wimbledon - 2008,Q1,10376.20846663851,
2009,wimbledon - 2009,Q1,10639.76416169113,
2010,wimbledon - 2010,Q1,10910.014171398085,
2011,wimbledon - 2011,Q1,11187.128531351596,
2012,wimbledon - 2012,Q1,11471.28159604793,
2013,wimbledon - 2013,Q1,11762.652148587547,
2014,wimbledon - 2014,Q1,12061.423513161672,
2015,wimbledon - 2015,Q1,12367.783670395978,
2016,wimbledon - 2016,Q1,12681.92537562404,
2017,wimbledon - 2017,Q1,13004.04628016489,
2018,wimbledon - 2018,Q1,13334.34905568108,
2019,wimbledon - 2019,Q1,13673.04152169538,
2020,wimbledon - 2020,Q1,14020.336776346443,
2021,wimbledon - 2021,Q1,14376.453330465645,
2022,wimbledon - 2022,Q1,14741.615245059475,
2023,wimbledon - 2023,Q1,15116.052272283985,
2024,wimbledon - 2024,Q1,15500.0,
2000,australian open - 2000,Q1,19170.283250588873,
2001,australian open - 2001,Q1,19657.208445153836,
2002,australian open - 2002,Q1,20156.50153966074,
2003,australian open - 2003,Q1,20668.47667876813,
2004,australian open - 2004,Q1,21193.45598640884,
2005,australian open - 2005,Q1,21731.769768463626,
2006,australian open - 2006,Q1,22283.756720582605,
2007,australian open - 2007,Q1,22849.764141285406,
2008,australian open - 2008,Q1,23430.148150474055,
2009,australian open - 2009,Q1,24025.273913496098,
2010,australian open - 2010,Q1,24635.5158708989,
2011,australian open - 2011,Q1,25261.257974019733,
2012,australian open - 2012,Q1,25902.89392655984,
2013,australian open - 2013,Q1,26560.827432294464,
2014,australian open - 2014,Q1,27235.472449074743,
2015,australian open - 2015,Q1,27927.25344928124,
2016,australian open - 2016,Q1,28636.60568689299,
2017,australian open - 2017,Q1,29363.975471340076,
2018,australian open - 2018,Q1,30109.820448312115,
2019,australian open - 2019,Q1,30874.609887699244,
2020,australian open - 2020,Q1,31658.82497884681,
2021,australian open - 2021,Q1,32462.959133309523,
2022,australian open - 2022,Q1,33287.51829529559,
2023,australian open - 2023,Q1,34133.021259996094,
2024,australian open - 2024,Q1,35000.0,
