tourney_name,round,year,total Ace,total_df,total_bpSaved,total_1stWon,total_ace,total_bpFaced,total_SvGms,total_svpt,total_2ndWon,total_1stIn,%aces_por_punto,%doble_falta,%primer_serve_in,%primer_serve_won,%segundo_serve_won,%bp_saved,%bp_convertidos,%juegos_de_saques_ganados
australian open,F,2024,25.0,8.0,13.0,137.0,25.0,21.0,47.0,283.0,50.0,183.0,8.8339222614841,2.8268551236749118,64.66431095406361,74.86338797814209,50.0,61.904761904761905,61.904761904761905,100.0
australian open,QF,2024,20.0,5.0,13.0,111.0,20.0,15.0,31.0,218.0,33.0,146.0,9.174311926605505,2.293577981651376,66.97247706422019,76.02739726027397,45.83333333333333,86.66666666666667,86.66666666666667,100.0
australian open,R128,2020,5.0,4.0,8.0,84.0,5.0,15.0,30.0,197.0,37.0,124.0,2.5380710659898478,2.030456852791878,62.944162436548226,67.74193548387096,50.68493150684932,53.333333333333336,53.333333333333336,100.0
australian open,R128,2022,4.0,5.0,5.0,73.0,4.0,13.0,29.0,180.0,34.0,114.0,2.2222222222222223,2.7777777777777777,63.33333333333333,64.03508771929825,51.515151515151516,38.46153846153847,38.46153846153847,100.0
australian open,R128,2023,8.0,4.0,8.0,68.0,8.0,16.0,24.0,163.0,25.0,99.0,4.9079754601226995,2.4539877300613497,60.73619631901841,68.68686868686868,39.0625,50.0,50.0,100.0
australian open,R128,2024,15.0,4.0,15.0,80.0,15.0,21.0,31.0,195.0,39.0,120.0,7.6923076923076925,2.051282051282051,61.53846153846154,66.66666666666666,52.0,71.42857142857143,71.42857142857143,100.0
australian open,R16,2022,16.0,2.0,10.0,96.0,16.0,14.0,31.0,202.0,40.0,129.0,7.920792079207921,0.9900990099009901,63.86138613861386,74.4186046511628,54.794520547945204,71.42857142857143,71.42857142857143,100.0
australian open,R16,2024,15.0,3.0,12.0,81.0,15.0,18.0,31.0,188.0,40.0,113.0,7.9787234042553195,1.5957446808510638,60.1063829787234,71.68141592920354,53.333333333333336,66.66666666666666,66.66666666666666,100.0
australian open,R32,2022,21.0,10.0,12.0,93.0,21.0,23.0,33.0,203.0,26.0,131.0,10.344827586206897,4.926108374384237,64.5320197044335,70.99236641221374,36.11111111111111,52.17391304347826,52.17391304347826,100.0
australian open,R32,2023,9.0,9.0,11.0,102.0,9.0,26.0,41.0,253.0,39.0,165.0,3.557312252964427,3.557312252964427,65.21739130434783,61.81818181818181,44.31818181818182,42.30769230769231,42.30769230769231,100.0
australian open,R32,2024,8.0,0.0,9.0,64.0,8.0,16.0,22.0,144.0,18.0,99.0,5.555555555555555,0.0,68.75,64.64646464646465,40.0,56.25,56.25,100.0
australian open,R64,2022,16.0,3.0,4.0,70.0,16.0,9.0,27.0,155.0,33.0,92.0,10.32258064516129,1.935483870967742,59.354838709677416,76.08695652173914,52.38095238095239,44.44444444444444,44.44444444444444,100.0
australian open,R64,2023,12.0,4.0,0.0,61.0,12.0,5.0,25.0,133.0,27.0,82.0,9.022556390977442,3.007518796992481,61.65413533834586,74.39024390243902,52.94117647058824,0.0,0.0,100.0
australian open,R64,2024,13.0,4.0,6.0,61.0,13.0,12.0,24.0,138.0,28.0,87.0,9.420289855072465,2.898550724637681,63.04347826086957,70.11494252873564,54.90196078431373,50.0,50.0,100.0
australian open,SF,2024,16.0,5.0,6.0,106.0,16.0,11.0,36.0,226.0,46.0,143.0,7.079646017699115,2.2123893805309733,63.27433628318584,74.12587412587412,55.42168674698795,54.54545454545454,54.54545454545454,100.0
roland garros,QF,2024,13.0,5.0,7.0,88.0,13.0,12.0,30.0,195.0,40.0,120.0,6.666666666666667,2.564102564102564,61.53846153846154,73.33333333333333,53.333333333333336,58.333333333333336,58.333333333333336,100.0
roland garros,R128,2020,3.0,6.0,8.0,72.0,3.0,17.0,27.0,167.0,25.0,105.0,1.7964071856287425,3.592814371257485,62.874251497005986,68.57142857142857,40.32258064516129,47.05882352941176,47.05882352941176,100.0
roland garros,R128,2021,18.0,16.0,10.0,118.0,18.0,22.0,51.0,305.0,70.0,174.0,5.901639344262295,5.245901639344262,57.049180327868854,67.81609195402298,53.43511450381679,45.45454545454545,45.45454545454545,100.0
roland garros,R128,2022,8.0,3.0,7.0,73.0,8.0,12.0,26.0,165.0,31.0,101.0,4.848484848484849,1.8181818181818181,61.212121212121204,72.27722772277228,48.4375,58.333333333333336,58.333333333333336,100.0
roland garros,R128,2023,8.0,2.0,6.0,55.0,8.0,12.0,24.0,140.0,31.0,83.0,5.714285714285714,1.4285714285714286,59.285714285714285,66.26506024096386,54.385964912280706,50.0,50.0,100.0
roland garros,R128,2024,10.0,13.0,14.0,77.0,10.0,20.0,28.0,182.0,32.0,110.0,5.4945054945054945,7.142857142857142,60.43956043956044,70.0,44.44444444444444,70.0,70.0,100.0
roland garros,R16,2020,6.0,10.0,7.0,109.0,6.0,14.0,37.0,251.0,48.0,152.0,2.3904382470119523,3.9840637450199203,60.55776892430279,71.71052631578947,48.484848484848484,50.0,50.0,100.0
roland garros,R16,2024,6.0,7.0,8.0,84.0,6.0,20.0,32.0,194.0,22.0,133.0,3.0927835051546393,3.608247422680412,68.55670103092784,63.1578947368421,36.0655737704918,40.0,40.0,100.0
roland garros,R32,2020,2.0,2.0,10.0,84.0,2.0,21.0,33.0,211.0,33.0,146.0,0.9478672985781991,0.9478672985781991,69.19431279620854,57.534246575342465,50.76923076923077,47.61904761904761,47.61904761904761,100.0
roland garros,R32,2021,5.0,6.0,20.0,84.0,5.0,27.0,28.0,198.0,35.0,123.0,2.525252525252525,3.0303030303030303,62.121212121212125,68.29268292682927,46.666666666666664,74.07407407407408,74.07407407407408,100.0
roland garros,R32,2022,7.0,4.0,16.0,104.0,7.0,20.0,30.0,237.0,43.0,157.0,2.9535864978902953,1.6877637130801686,66.24472573839662,66.2420382165605,53.75,80.0,80.0,100.0
roland garros,R32,2024,5.0,2.0,11.0,88.0,5.0,14.0,30.0,184.0,37.0,118.0,2.717391304347826,1.0869565217391304,64.13043478260869,74.57627118644068,56.060606060606055,78.57142857142857,78.57142857142857,100.0
roland garros,R64,2020,3.0,4.0,10.0,69.0,3.0,18.0,28.0,178.0,36.0,111.0,1.6853932584269662,2.247191011235955,62.35955056179775,62.16216216216216,53.73134328358209,55.55555555555556,55.55555555555556,100.0
roland garros,R64,2021,13.0,5.0,8.0,91.0,13.0,15.0,37.0,214.0,52.0,129.0,6.074766355140187,2.336448598130841,60.280373831775705,70.54263565891473,61.1764705882353,53.333333333333336,53.333333333333336,100.0
roland garros,R64,2022,13.0,6.0,22.0,109.0,13.0,32.0,38.0,274.0,52.0,166.0,4.744525547445255,2.18978102189781,60.58394160583942,65.66265060240963,48.148148148148145,68.75,68.75,100.0
roland garros,R64,2024,8.0,7.0,3.0,74.0,8.0,9.0,28.0,168.0,30.0,103.0,4.761904761904762,4.166666666666666,61.30952380952381,71.84466019417476,46.15384615384615,33.33333333333333,33.33333333333333,100.0
us open,F,2024,16.0,9.0,11.0,74.0,16.0,19.0,31.0,175.0,36.0,96.0,9.142857142857142,5.142857142857142,54.85714285714286,77.08333333333334,45.56962025316456,57.89473684210527,57.89473684210527,100.0
us open,QF,2024,9.0,7.0,16.0,80.0,9.0,23.0,32.0,206.0,48.0,112.0,4.368932038834951,3.3980582524271843,54.36893203883495,71.42857142857143,51.06382978723404,69.56521739130434,69.56521739130434,100.0
us open,R128,2021,24.0,12.0,17.0,89.0,24.0,25.0,36.0,232.0,56.0,122.0,10.344827586206897,5.172413793103448,52.58620689655172,72.95081967213115,50.90909090909091,68.0,68.0,100.0
us open,R128,2022,22.0,7.0,14.0,101.0,22.0,24.0,43.0,248.0,56.0,148.0,8.870967741935484,2.82258064516129,59.67741935483871,68.24324324324324,56.00000000000001,58.333333333333336,58.333333333333336,100.0
us open,R128,2023,12.0,6.0,13.0,68.0,12.0,19.0,23.0,174.0,34.0,104.0,6.896551724137931,3.4482758620689653,59.77011494252874,65.38461538461539,48.57142857142857,68.42105263157895,68.42105263157895,100.0
us open,R128,2024,15.0,11.0,14.0,70.0,15.0,26.0,31.0,192.0,39.0,109.0,7.8125,5.729166666666666,56.770833333333336,64.22018348623854,46.98795180722892,53.84615384615385,53.84615384615385,100.0
us open,R16,2022,10.0,27.0,20.0,107.0,10.0,40.0,46.0,300.0,56.0,164.0,3.3333333333333335,9.0,54.666666666666664,65.2439024390244,41.17647058823529,50.0,50.0,100.0
us open,R16,2024,14.0,4.0,12.0,82.0,14.0,18.0,31.0,209.0,47.0,115.0,6.698564593301436,1.9138755980861244,55.02392344497608,71.30434782608695,50.0,66.66666666666666,66.66666666666666,100.0
us open,R32,2021,26.0,15.0,19.0,137.0,26.0,32.0,51.0,336.0,66.0,193.0,7.738095238095238,4.464285714285714,57.44047619047619,70.98445595854922,46.15384615384615,59.375,59.375,100.0
us open,R32,2022,19.0,7.0,19.0,95.0,19.0,27.0,34.0,234.0,45.0,139.0,8.11965811965812,2.9914529914529915,59.401709401709404,68.34532374100719,47.368421052631575,70.37037037037037,70.37037037037037,100.0
us open,R32,2023,20.0,9.0,17.0,85.0,20.0,25.0,35.0,231.0,52.0,126.0,8.658008658008658,3.896103896103896,54.54545454545454,67.46031746031747,49.523809523809526,68.0,68.0,100.0
us open,R32,2024,20.0,6.0,5.0,63.0,20.0,10.0,25.0,149.0,31.0,90.0,13.422818791946309,4.026845637583892,60.40268456375839,70.0,52.54237288135594,50.0,50.0,100.0
us open,R64,2021,15.0,6.0,16.0,129.0,15.0,24.0,45.0,297.0,57.0,173.0,5.05050505050505,2.0202020202020203,58.24915824915825,74.56647398843931,45.96774193548387,66.66666666666666,66.66666666666666,100.0
us open,R64,2022,24.0,10.0,11.0,91.0,24.0,16.0,31.0,195.0,38.0,122.0,12.307692307692308,5.128205128205128,62.56410256410256,74.59016393442623,52.054794520547944,68.75,68.75,100.0
us open,R64,2023,8.0,2.0,4.0,68.0,8.0,8.0,28.0,155.0,42.0,93.0,5.161290322580645,1.2903225806451613,60.0,73.11827956989248,67.74193548387096,50.0,50.0,100.0
us open,R64,2024,6.0,7.0,11.0,58.0,6.0,21.0,24.0,138.0,20.0,80.0,4.3478260869565215,5.072463768115942,57.971014492753625,72.5,34.48275862068966,52.38095238095239,52.38095238095239,100.0
us open,SF,2024,19.0,12.0,10.0,91.0,19.0,15.0,32.0,227.0,57.0,126.0,8.370044052863436,5.286343612334802,55.50660792951542,72.22222222222221,56.43564356435643,66.66666666666666,66.66666666666666,100.0
wimbledon,QF,2023,22.0,9.0,9.0,82.0,22.0,17.0,35.0,193.0,45.0,113.0,11.398963730569948,4.66321243523316,58.549222797927456,72.56637168141593,56.25,52.94117647058824,52.94117647058824,100.0
wimbledon,R128,2022,19.0,6.0,13.0,102.0,19.0,20.0,39.0,248.0,60.0,138.0,7.661290322580645,2.4193548387096775,55.64516129032258,73.91304347826086,54.54545454545454,65.0,65.0,100.0
wimbledon,R128,2023,12.0,3.0,9.0,63.0,12.0,15.0,24.0,145.0,30.0,94.0,8.275862068965518,2.0689655172413794,64.82758620689654,67.02127659574468,58.82352941176471,60.0,60.0,100.0
wimbledon,R128,2024,28.0,6.0,10.0,111.0,28.0,16.0,37.0,240.0,43.0,151.0,11.666666666666666,2.5,62.916666666666664,73.50993377483444,48.31460674157304,62.5,62.5,100.0
wimbledon,R16,2022,13.0,8.0,15.0,114.0,13.0,19.0,39.0,264.0,63.0,163.0,4.924242424242424,3.0303030303030303,61.74242424242424,69.93865030674846,62.37623762376238,78.94736842105263,78.94736842105263,100.0
wimbledon,R16,2023,24.0,4.0,21.0,99.0,24.0,25.0,32.0,215.0,46.0,127.0,11.162790697674419,1.8604651162790697,59.06976744186046,77.95275590551181,52.27272727272727,84.0,84.0,100.0
wimbledon,R16,2024,22.0,4.0,3.0,96.0,22.0,8.0,30.0,186.0,30.0,132.0,11.827956989247312,2.1505376344086025,70.96774193548387,72.72727272727273,55.55555555555556,37.5,37.5,100.0
wimbledon,R32,2022,26.0,5.0,2.0,94.0,26.0,4.0,33.0,194.0,42.0,121.0,13.402061855670103,2.5773195876288657,62.371134020618555,77.68595041322314,57.534246575342465,50.0,50.0,100.0
wimbledon,R32,2023,23.0,17.0,8.0,86.0,23.0,15.0,36.0,213.0,56.0,109.0,10.7981220657277,7.981220657276995,51.173708920187785,78.89908256880734,53.84615384615385,53.333333333333336,53.333333333333336,100.0
wimbledon,R32,2024,13.0,3.0,3.0,69.0,13.0,8.0,25.0,140.0,26.0,87.0,9.285714285714286,2.142857142857143,62.142857142857146,79.3103448275862,49.056603773584904,37.5,37.5,100.0
wimbledon,R64,2022,6.0,8.0,16.0,101.0,6.0,25.0,39.0,246.0,51.0,153.0,2.4390243902439024,3.2520325203252036,62.19512195121951,66.01307189542483,54.83870967741935,64.0,64.0,100.0
wimbledon,R64,2023,16.0,3.0,8.0,72.0,16.0,15.0,27.0,164.0,30.0,105.0,9.75609756097561,1.8292682926829267,64.02439024390245,68.57142857142857,50.847457627118644,53.333333333333336,53.333333333333336,100.0
wimbledon,R64,2024,38.0,5.0,11.0,154.0,38.0,17.0,44.0,297.0,46.0,204.0,12.794612794612794,1.6835016835016834,68.68686868686868,75.49019607843137,49.46236559139785,64.70588235294117,64.70588235294117,100.0
