,ioc,full_name,tourney_date,winner_id,winner_age,score,round,minutes,tourney key,year
0,USA,Madison Keys,20110829,201619,16.5,6-2 6-4,R128,,us open-2011,2011
1,USA,Madison Keys,20130114,201619,17.9,6-4 7-6(0),R128,,australian open-2013,2013
2,USA,Madison Keys,20130114,201619,17.9,6-2 6-1,R64,,australian open-2013,2013
3,USA,Madison Keys,20130527,201619,18.2,6-3 6-2,R128,,roland garros-2013,2013
4,USA,Madison Keys,20130624,201619,18.3,6-3 7-5,R128,,wimbledon-2013,2013
5,USA,Madison Keys,20130624,201619,18.3,6-4 6-2,R64,,wimbledon-2013,2013
6,USA,Madison Keys,20140113,201619,18.9,6-2 6-7(8) 9-7,R128,,australian open-2014,2014
7,USA,Madison Keys,20140623,201619,19.3,6-3 6-3,R128,,wimbledon-2014,2014
8,USA,Madison Keys,20140623,201619,19.3,7-5 6-7(3) 6-2,R64,,wimbledon-2014,2014
9,USA,Madison Keys,20140825,201619,19.5,6-0 6-3,R128,,us open-2014,2014
10,USA,Madison Keys,20150119,201619,19.9,6-3 7-5,R128,,australian open-2015,2015
11,USA,Madison Keys,20150119,201619,19.9,2-6 6-1 6-1,R64,,australian open-2015,2015
12,USA,Madison Keys,20150119,201619,19.9,6-4 7-5,R32,,australian open-2015,2015
13,USA,Madison Keys,20150119,201619,19.9,6-2 6-4,R16,,australian open-2015,2015
14,USA,Madison Keys,20150119,201619,19.9,6-3 4-6 6-4,QF,,australian open-2015,2015
15,USA,Madison Keys,20150525,201619,20.2,7-6(3) 6-3,R128,,roland garros-2015,2015
16,USA,Madison Keys,20150525,201619,20.2,6-0 6-3,R64,,roland garros-2015,2015
17,USA,Madison Keys,20150629,201619,20.3,6-7(6) 6-3 6-4,R128,,wimbledon-2015,2015
18,USA,Madison Keys,20150629,201619,20.3,6-4 7-6(3),R64,,wimbledon-2015,2015
19,USA,Madison Keys,20150629,201619,20.3,6-4 6-4,R32,,wimbledon-2015,2015
20,USA,Madison Keys,20150629,201619,20.3,3-6 6-4 6-1,R16,,wimbledon-2015,2015
21,USA,Madison Keys,20150831,201619,20.5,6-2 6-4,R128,,us open-2015,2015
22,USA,Madison Keys,20150831,201619,20.5,6-1 6-2,R64,,us open-2015,2015
23,USA,Madison Keys,20150831,201619,20.5,6-3 6-2,R32,,us open-2015,2015
24,USA,Madison Keys,20160523,201619,21.2,6-3 6-2,R128,64.0,roland garros-2016,2016
25,USA,Madison Keys,20160523,201619,21.2,6-3 6-2,R64,63.0,roland garros-2016,2016
26,USA,Madison Keys,20160523,201619,21.2,7-6(3) 6-3,R32,94.0,roland garros-2016,2016
27,USA,Madison Keys,20160627,201619,21.3,6-3 6-1,R128,62.0,wimbledon-2016,2016
28,USA,Madison Keys,20160627,201619,21.3,6-4 4-6 6-3,R64,101.0,wimbledon-2016,2016
29,USA,Madison Keys,20160627,201619,21.3,6-4 5-7 6-2,R32,115.0,wimbledon-2016,2016
30,USA,Madison Keys,20160829,201619,21.5,4-6 7-6(5) 6-2,R128,145.0,us open-2016,2016
31,USA,Madison Keys,20160829,201619,21.5,6-1 6-1,R64,48.0,us open-2016,2016
32,USA,Madison Keys,20160829,201619,21.5,7-5 4-6 7-6(3),R32,127.0,us open-2016,2016
33,USA,Madison Keys,20160118,201619,20.9,7-6 6-1,R128,84.0,australian open-2016,2016
34,USA,Madison Keys,20160118,201619,20.9,6-7 6-3 6-3,R64,122.0,australian open-2016,2016
35,USA,Madison Keys,20160118,201619,20.9,4-6 6-4 6-4,R32,145.0,australian open-2016,2016
36,USA,Madison Keys,20170529,201619,22.2,6-3 6-2,R128,61.0,roland garros-2017,2017
37,USA,Madison Keys,20170703,201619,22.3,6-4 6-2,R128,66.0,wimbledon-2017,2017
38,USA,Madison Keys,20170828,201619,22.5,6-3 7-6(6),R128,90.0,us open-2017,2017
39,USA,Madison Keys,20170828,201619,22.5,6-3 6-4,R64,84.0,us open-2017,2017
40,USA,Madison Keys,20170828,201619,22.5,2-6 6-4 6-1,R32,114.0,us open-2017,2017
41,USA,Madison Keys,20170828,201619,22.5,7-6(2) 1-6 6-4,R16,120.0,us open-2017,2017
42,USA,Madison Keys,20170828,201619,22.5,6-3 6-3,QF,68.0,us open-2017,2017
43,USA,Madison Keys,20170828,201619,22.5,6-1 6-2,SF,66.0,us open-2017,2017
44,USA,Madison Keys,20180528,201619,23.2,6-3 6-3,R128,58.0,roland garros-2018,2018
45,USA,Madison Keys,20180528,201619,23.2,6-4 6-1,R64,69.0,roland garros-2018,2018
46,USA,Madison Keys,20180528,201619,23.2,6-1 7-6(7),R32,83.0,roland garros-2018,2018
47,USA,Madison Keys,20180528,201619,23.2,6-1 6-4,R16,65.0,roland garros-2018,2018
48,USA,Madison Keys,20180528,201619,23.2,7-6(5) 6-4,QF,84.0,roland garros-2018,2018
49,USA,Madison Keys,20180702,201619,23.3,6-4 6-2,R128,62.0,wimbledon-2018,2018
50,USA,Madison Keys,20180702,201619,23.3,6-4 6-3,R64,76.0,wimbledon-2018,2018
51,USA,Madison Keys,20180827,201619,23.5,6-4 6-4,R128,95.0,us open-2018,2018
52,USA,Madison Keys,20180827,201619,23.5,6-4 6-1,R64,72.0,us open-2018,2018
53,USA,Madison Keys,20180827,201619,23.5,4-6 6-1 6-2,R32,103.0,us open-2018,2018
54,USA,Madison Keys,20180827,201619,23.5,6-1 6-3,R16,76.0,us open-2018,2018
55,USA,Madison Keys,20180827,201619,23.5,6-4 6-3,QF,83.0,us open-2018,2018
56,USA,Madison Keys,20180115,201619,22.9,6-1 7-5,R128,68.0,australian open-2018,2018
57,USA,Madison Keys,20180115,201619,22.9,6-0 6-1,R64,41.0,australian open-2018,2018
58,USA,Madison Keys,20180115,201619,22.9,6-3 6-4,R32,73.0,australian open-2018,2018
59,USA,Madison Keys,20180115,201619,22.9,6-3 6-2,R16,68.0,australian open-2018,2018
60,USA,Madison Keys,20190527,201619,24.2,6-1 6-2,R128,56.0,roland garros-2019,2019
61,USA,Madison Keys,20190527,201619,24.2,7-5 5-7 6-3,R64,104.0,roland garros-2019,2019
62,USA,Madison Keys,20190527,201619,24.2,6-3 6-7(7) 6-4,R32,114.0,roland garros-2019,2019
63,USA,Madison Keys,20190527,201619,24.2,6-2 6-4,R16,76.0,roland garros-2019,2019
64,USA,Madison Keys,20190701,201619,24.3,6-3 6-2,R128,62.0,wimbledon-2019,2019
65,USA,Madison Keys,20190826,201619,24.5,7-5 6-0,R128,64.0,us open-2019,2019
66,USA,Madison Keys,20190826,201619,24.5,6-4 6-1,R64,69.0,us open-2019,2019
67,USA,Madison Keys,20190826,201619,24.5,6-3 7-5,R32,80.0,us open-2019,2019
68,USA,Madison Keys,20190114,201619,23.9,6-2 6-2,R128,71.0,australian open-2019,2019
69,USA,Madison Keys,20190114,201619,23.9,6-3 6-4,R64,81.0,australian open-2019,2019
70,USA,Madison Keys,20190114,201619,23.9,6-3 6-2,R32,73.0,australian open-2019,2019
71,USA,Madison Keys,20200120,201619,24.9,6-3 6-1,R128,57.0,australian open-2020,2020
72,USA,Madison Keys,20200120,201619,24.9,7-6(3) 6-2,R64,79.0,australian open-2020,2020
73,USA,Madison Keys,20200831,201619,25.5,6-1 6-1,R128,55.0,us open-2020,2020
74,USA,Madison Keys,20200831,201619,25.5,6-2 6-1,R64,54.0,us open-2020,2020
75,USA,Madison Keys,20210531,201619,26.2,6-3 3-6 6-1,R128,97.0,roland garros-2021,2021
76,USA,Madison Keys,20210531,201619,26.2,6-1 7-5,R64,93.0,roland garros-2021,2021
77,USA,Madison Keys,20210628,201619,26.3,6-3 6-4,R128,73.0,wimbledon-2021,2021
78,USA,Madison Keys,20210628,201619,26.3,6-1 6-4,R64,63.0,wimbledon-2021,2021
79,USA,Madison Keys,20210628,201619,26.3,7-5 6-3,R32,75.0,wimbledon-2021,2021
80,USA,Madison Keys,20220117,201619,26.9,7-6(2) 7-5,R128,91.0,australian open-2022,2022
81,USA,Madison Keys,20220117,201619,26.9,6-2 7-5,R64,90.0,australian open-2022,2022
82,USA,Madison Keys,20220117,201619,26.9,4-6 6-3 7-6(2),R32,141.0,australian open-2022,2022
83,USA,Madison Keys,20220117,201619,26.9,6-3 6-1,R16,69.0,australian open-2022,2022
84,USA,Madison Keys,20220117,201619,26.9,6-3 6-2,QF,85.0,australian open-2022,2022
85,USA,Madison Keys,20220523,201619,27.2,6-3 3-6 6-4,R128,,roland garros-2022,2022
86,USA,Madison Keys,20220523,201619,27.2,6-4 7-6(3),R64,,roland garros-2022,2022
87,USA,Madison Keys,20220523,201619,27.2,3-6 6-1 7-6(3),R32,,roland garros-2022,2022
88,USA,Madison Keys,20220829,201619,27.5,7-6(3) 6-3,R128,103.0,us open-2022,2022
89,USA,Madison Keys,20220829,201619,27.5,6-4 5-7 7-6(6),R64,142.0,us open-2022,2022
90,USA,Madison Keys,20230116,201619,27.9,6-4 3-6 6-2,R128,119.0,australian open-2023,2023
91,USA,Madison Keys,20230116,201619,27.9,6-3 6-2,R64,77.0,australian open-2023,2023
92,USA,Madison Keys,20230529,201619,28.2,6-1 3-6 6-1,R128,102.0,roland garros-2023,2023
93,USA,Madison Keys,20230703,201619,28.3,6-0 6-3,R128,75.0,wimbledon-2023,2023
94,USA,Madison Keys,20230703,201619,28.3,7-5 6-3,R64,80.0,wimbledon-2023,2023
95,USA,Madison Keys,20230703,201619,28.3,6-4 6-1,R32,76.0,wimbledon-2023,2023
96,USA,Madison Keys,20230703,201619,28.3,3-6 7-6(4) 6-2,R16,123.0,wimbledon-2023,2023
97,USA,Madison Keys,20230828,201619,28.5,6-2 6-4,R128,86.0,us open-2023,2023
98,USA,Madison Keys,20230828,201619,28.5,6-1 6-2,R64,54.0,us open-2023,2023
99,USA,Madison Keys,20230828,201619,28.5,5-7 6-2 6-2,R32,128.0,us open-2023,2023
100,USA,Madison Keys,20230828,201619,28.5,6-1 6-3,R16,61.0,us open-2023,2023
101,USA,Madison Keys,20230828,201619,28.5,6-1 6-4,QF,86.0,us open-2023,2023
102,USA,Madison Keys,20240527,201619,29.2,6-3 6-2,R128,,roland garros-2024,2024
103,USA,Madison Keys,20240527,201619,29.2,6-0 7-6(7),R64,,roland garros-2024,2024
104,USA,Madison Keys,20240701,201619,29.3,6-4 7-6(4),R128,105.0,wimbledon-2024,2024
105,USA,Madison Keys,20240701,201619,29.3,6-2 6-2,R64,77.0,wimbledon-2024,2024
106,USA,Madison Keys,20240701,201619,29.3,6-4 6-3,R32,81.0,wimbledon-2024,2024
107,USA,Madison Keys,20240826,201619,29.5,6-4 6-1,R128,64.0,us open-2024,2024
108,USA,Madison Keys,20240826,201619,29.5,6-4 6-0,R64,62.0,us open-2024,2024
109,USA,Jessica Pegula,20150831,202468,21.5,7-5 6-3,R128,,us open-2015,2015
110,USA,Jessica Pegula,20200831,202468,26.5,3-6 6-2 7-6(3),R128,169.0,us open-2020,2020
111,USA,Jessica Pegula,20200831,202468,26.5,7-6(1) 6-7(3) 6-3,R64,150.0,us open-2020,2020
112,USA,Jessica Pegula,20210208,202468,26.9,7-5 6-4,R128,99.0,australian open-2021,2021
113,USA,Jessica Pegula,20210208,202468,26.9,6-0 6-1,R64,50.0,australian open-2021,2021
114,USA,Jessica Pegula,20210208,202468,26.9,6-2 6-1,R32,68.0,australian open-2021,2021
115,USA,Jessica Pegula,20210208,202468,26.9,6-4 3-6 6-3,R16,115.0,australian open-2021,2021
116,USA,Jessica Pegula,20210531,202468,27.2,6-4 4-6 6-4,R128,142.0,roland garros-2021,2021
117,USA,Jessica Pegula,20210531,202468,27.2,6-3 6-3,R64,79.0,roland garros-2021,2021
118,USA,Jessica Pegula,20210628,202468,27.3,6-3 6-1,R128,61.0,wimbledon-2021,2021
119,USA,Jessica Pegula,20210830,202468,27.5,6-2 6-2,R128,64.0,us open-2021,2021
120,USA,Jessica Pegula,20210830,202468,27.5,6-3 6-2,R64,65.0,us open-2021,2021
121,USA,Jessica Pegula,20220117,202468,27.8,4-6 7-6(1) 7-5,R128,172.0,australian open-2022,2022
122,USA,Jessica Pegula,20220117,202468,27.8,6-4 6-4,R64,83.0,australian open-2022,2022
123,USA,Jessica Pegula,20220117,202468,27.8,7-6(3) 6-2,R32,91.0,australian open-2022,2022
124,USA,Jessica Pegula,20220117,202468,27.8,7-6(0) 6-3,R16,95.0,australian open-2022,2022
125,USA,Jessica Pegula,20220523,202468,28.2,6-2 6-4,R128,,roland garros-2022,2022
126,USA,Jessica Pegula,20220523,202468,28.2,6-1 5-7 6-4,R64,,roland garros-2022,2022
127,USA,Jessica Pegula,20220523,202468,28.2,6-1 7-6(2),R32,,roland garros-2022,2022
128,USA,Jessica Pegula,20220523,202468,28.2,4-6 6-2 6-3,R16,,roland garros-2022,2022
129,USA,Jessica Pegula,20220627,202468,28.3,6-3 7-6(2),R128,89.0,wimbledon-2022,2022
130,USA,Jessica Pegula,20220627,202468,28.3,4-6 6-3 6-1,R64,111.0,wimbledon-2022,2022
131,USA,Jessica Pegula,20220829,202468,28.5,6-2 6-2,R128,64.0,us open-2022,2022
132,USA,Jessica Pegula,20220829,202468,28.5,6-4 6-4,R64,79.0,us open-2022,2022
133,USA,Jessica Pegula,20220829,202468,28.5,6-2 6-7(6) 6-0,R32,123.0,us open-2022,2022
134,USA,Jessica Pegula,20220829,202468,28.5,6-3 6-2,R16,73.0,us open-2022,2022
135,USA,Jessica Pegula,20230116,202468,28.8,6-0 6-1,R128,59.0,australian open-2023,2023
136,USA,Jessica Pegula,20230116,202468,28.8,6-2 7-6(5),R64,91.0,australian open-2023,2023
137,USA,Jessica Pegula,20230116,202468,28.8,6-0 6-2,R32,65.0,australian open-2023,2023
138,USA,Jessica Pegula,20230116,202468,28.8,7-5 6-2,R16,101.0,australian open-2023,2023
139,USA,Jessica Pegula,20230529,202468,29.2,6-4 6-2,R128,83.0,roland garros-2023,2023
140,USA,Jessica Pegula,20230529,202468,29.2,6-2 0-0 RET,R64,38.0,roland garros-2023,2023
141,USA,Jessica Pegula,20230703,202468,29.3,6-2 6-7(8) 6-3,R128,140.0,wimbledon-2023,2023
142,USA,Jessica Pegula,20230703,202468,29.3,6-1 6-4,R64,63.0,wimbledon-2023,2023
143,USA,Jessica Pegula,20230703,202468,29.3,6-4 6-0,R32,75.0,wimbledon-2023,2023
144,USA,Jessica Pegula,20230703,202468,29.3,6-1 6-3,R16,75.0,wimbledon-2023,2023
145,USA,Jessica Pegula,20230828,202468,29.5,6-2 6-2,R128,82.0,us open-2023,2023
146,USA,Jessica Pegula,20230828,202468,29.5,6-3 6-1,R64,71.0,us open-2023,2023
147,USA,Jessica Pegula,20230828,202468,29.5,6-4 4-6 6-2,R32,111.0,us open-2023,2023
148,USA,Jessica Pegula,20240115,202468,29.8,6-2 6-4,R128,65.0,australian open-2024,2024
149,USA,Jessica Pegula,20240701,202468,30.3,6-2 6-0,R128,49.0,wimbledon-2024,2024
150,USA,Jessica Pegula,20240826,202468,30.5,6-4 6-3,R128,83.0,us open-2024,2024
151,USA,Jessica Pegula,20240826,202468,30.5,7-6(4) 6-3,R64,87.0,us open-2024,2024
152,USA,Jessica Pegula,20240826,202468,30.5,6-3 6-3,R32,70.0,us open-2024,2024
153,USA,Jessica Pegula,20240826,202468,30.5,6-4 6-2,R16,87.0,us open-2024,2024
154,USA,Jessica Pegula,20240826,202468,30.5,6-2 6-4,QF,88.0,us open-2024,2024
155,USA,Jessica Pegula,20240826,202468,30.5,1-6 6-4 6-2,SF,132.0,us open-2024,2024
156,ITA,Jasmine Paolini,20200928,211148,24.7,6-4 6-3,R128,74.0,roland garros-2020,2020
157,ITA,Jasmine Paolini,20210531,211148,25.4,7-5 6-1,R128,78.0,roland garros-2021,2021
158,ITA,Jasmine Paolini,20210830,211148,25.6,6-3 6-4,R128,66.0,us open-2021,2021
159,ITA,Jasmine Paolini,20230529,211148,27.3,7-5 2-6 6-2,R128,133.0,roland garros-2023,2023
160,ITA,Jasmine Paolini,20240115,211148,28.0,6-3 6-4,R128,69.0,australian open-2024,2024
161,ITA,Jasmine Paolini,20240115,211148,28.0,6-2 6-3,R64,70.0,australian open-2024,2024
162,ITA,Jasmine Paolini,20240115,211148,28.0,7-6(1) 6-4,R32,86.0,australian open-2024,2024
163,ITA,Jasmine Paolini,20240527,211148,28.3,6-3 6-4,R128,,roland garros-2024,2024
164,ITA,Jasmine Paolini,20240527,211148,28.3,6-4 7-6(6),R64,,roland garros-2024,2024
165,ITA,Jasmine Paolini,20240527,211148,28.3,6-1 3-6 6-0,R32,,roland garros-2024,2024
166,ITA,Jasmine Paolini,20240527,211148,28.3,4-6 6-0 6-1,R16,,roland garros-2024,2024
167,ITA,Jasmine Paolini,20240527,211148,28.3,6-2 4-6 6-4,QF,,roland garros-2024,2024
168,ITA,Jasmine Paolini,20240527,211148,28.3,6-3 6-1,SF,,roland garros-2024,2024
169,ITA,Jasmine Paolini,20240701,211148,28.4,7-5 6-3,R128,97.0,wimbledon-2024,2024
170,ITA,Jasmine Paolini,20240701,211148,28.4,7-6(5) 6-2,R64,92.0,wimbledon-2024,2024
171,ITA,Jasmine Paolini,20240701,211148,28.4,7-6(4) 6-1,R32,91.0,wimbledon-2024,2024
172,ITA,Jasmine Paolini,20240701,211148,28.4,6-3 6-7(6) 5-5 RET,R16,143.0,wimbledon-2024,2024
173,ITA,Jasmine Paolini,20240701,211148,28.4,6-2 6-1,QF,58.0,wimbledon-2024,2024
174,ITA,Jasmine Paolini,20240701,211148,28.4,2-6 6-4 7-6(8),SF,171.0,wimbledon-2024,2024
175,ITA,Jasmine Paolini,20240826,211148,28.6,6-7(5) 6-2 6-4,R128,168.0,us open-2024,2024
176,ITA,Jasmine Paolini,20240826,211148,28.6,RET,R64,,us open-2024,2024
177,ITA,Jasmine Paolini,20240826,211148,28.6,6-3 6-4,R32,93.0,us open-2024,2024
178,ESP,Paula Badosa,20200120,211651,22.1,6-1 6-0,R128,57.0,australian open-2020,2020
179,ESP,Paula Badosa,20200928,211651,22.8,6-2 4-6 6-3,R128,122.0,roland garros-2020,2020
180,ESP,Paula Badosa,20200928,211651,22.8,6-4 4-6 6-2,R64,100.0,roland garros-2020,2020
181,ESP,Paula Badosa,20200928,211651,22.8,6-4 6-3,R32,82.0,roland garros-2020,2020
182,ESP,Paula Badosa,20210531,211651,23.5,6-2 7-6(3),R128,100.0,roland garros-2021,2021
183,ESP,Paula Badosa,20210531,211651,23.5,6-2 6-0,R64,52.0,roland garros-2021,2021
184,ESP,Paula Badosa,20210531,211651,23.5,2-6 7-6(4) 6-4,R32,171.0,roland garros-2021,2021
185,ESP,Paula Badosa,20210531,211651,23.5,6-4 3-6 6-2,R16,110.0,roland garros-2021,2021
186,ESP,Paula Badosa,20210628,211651,23.6,6-2 5-7 6-2,R128,105.0,wimbledon-2021,2021
187,ESP,Paula Badosa,20210628,211651,23.6,6-4 6-1,R64,80.0,wimbledon-2021,2021
188,ESP,Paula Badosa,20210628,211651,23.6,5-7 6-2 6-4,R32,146.0,wimbledon-2021,2021
189,ESP,Paula Badosa,20210830,211651,23.7,6-4 6-3,R128,80.0,us open-2021,2021
190,ESP,Paula Badosa,20220117,211651,24.1,6-4 6-0,R128,82.0,australian open-2022,2022
191,ESP,Paula Badosa,20220117,211651,24.1,6-0 6-3,R64,71.0,australian open-2022,2022
192,ESP,Paula Badosa,20220117,211651,24.1,6-2 5-7 6-4,R32,139.0,australian open-2022,2022
193,ESP,Paula Badosa,20220523,211651,24.5,6-2 6-0,R128,,roland garros-2022,2022
194,ESP,Paula Badosa,20220523,211651,24.5,7-5 3-6 6-2,R64,,roland garros-2022,2022
195,ESP,Paula Badosa,20220627,211651,24.6,6-2 6-1,R128,56.0,wimbledon-2022,2022
196,ESP,Paula Badosa,20220627,211651,24.6,6-3 6-2,R64,72.0,wimbledon-2022,2022
197,ESP,Paula Badosa,20220627,211651,24.6,7-5 7-6(4),R32,125.0,wimbledon-2022,2022
198,ESP,Paula Badosa,20220829,211651,24.7,3-6 7-6(4) 6-3,R128,149.0,us open-2022,2022
199,ESP,Paula Badosa,20230703,211651,25.6,6-3 6-3,R128,69.0,wimbledon-2023,2023
200,ESP,Paula Badosa,20240115,211651,26.1,6-1 6-3,R128,57.0,australian open-2024,2024
201,ESP,Paula Badosa,20240115,211651,26.1,6-2 6-3,R64,72.0,australian open-2024,2024
202,ESP,Paula Badosa,20240527,211651,26.5,4-6 7-5 6-4,R128,,roland garros-2024,2024
203,ESP,Paula Badosa,20240527,211651,26.5,4-6 6-1 7-5,R64,,roland garros-2024,2024
204,ESP,Paula Badosa,20240701,211651,26.6,6-3 6-2,R128,81.0,wimbledon-2024,2024
205,ESP,Paula Badosa,20240701,211651,26.6,6-4 6-2,R64,80.0,wimbledon-2024,2024
206,ESP,Paula Badosa,20240701,211651,26.6,7-6(6) 4-6 6-4,R32,171.0,wimbledon-2024,2024
207,ESP,Paula Badosa,20240826,211651,26.7,6-0 6-3,R128,69.0,us open-2024,2024
208,ESP,Paula Badosa,20240826,211651,26.7,6-3 7-5,R64,100.0,us open-2024,2024
209,ESP,Paula Badosa,20240826,211651,26.7,4-6 6-1 7-6(8),R32,152.0,us open-2024,2024
210,ESP,Paula Badosa,20240826,211651,26.7,6-1 6-2,R16,82.0,us open-2024,2024
211,BLR,Aryna Sabalenka,20170703,214544,19.1,6-3 6-4,R128,71.0,wimbledon-2017,2017
212,BLR,Aryna Sabalenka,20180827,214544,20.3,6-0 4-6 6-4,R128,113.0,us open-2018,2018
213,BLR,Aryna Sabalenka,20180827,214544,20.3,6-3 7-6(7),R64,101.0,us open-2018,2018
214,BLR,Aryna Sabalenka,20180827,214544,20.3,7-5 6-1,R32,85.0,us open-2018,2018
215,BLR,Aryna Sabalenka,20190527,214544,21.0,7-5 6-1,R128,92.0,roland garros-2019,2019
216,BLR,Aryna Sabalenka,20190826,214544,21.3,3-6 6-3 6-4,R128,133.0,us open-2019,2019
217,BLR,Aryna Sabalenka,20190114,214544,20.6,6-1 6-4,R128,66.0,australian open-2019,2019
218,BLR,Aryna Sabalenka,20190114,214544,20.6,6-3 6-4,R64,73.0,australian open-2019,2019
219,BLR,Aryna Sabalenka,20200831,214544,22.3,7-6(1) 6-4,R128,90.0,us open-2020,2020
220,BLR,Aryna Sabalenka,20200928,214544,22.4,6-3 6-1,R128,73.0,roland garros-2020,2020
221,BLR,Aryna Sabalenka,20200928,214544,22.4,7-6(6) 6-0,R64,89.0,roland garros-2020,2020
222,BLR,Aryna Sabalenka,20210208,214544,22.7,6-0 6-4,R128,63.0,australian open-2021,2021
223,BLR,Aryna Sabalenka,20210208,214544,22.7,7-6(5) 6-3,R64,89.0,australian open-2021,2021
224,BLR,Aryna Sabalenka,20210208,214544,22.7,6-3 6-1,R32,60.0,australian open-2021,2021
225,BLR,Aryna Sabalenka,20210531,214544,23.0,6-4 6-3,R128,75.0,roland garros-2021,2021
226,BLR,Aryna Sabalenka,20210531,214544,23.0,7-5 6-3,R64,89.0,roland garros-2021,2021
227,BLR,Aryna Sabalenka,20210628,214544,23.1,6-1 6-4,R128,76.0,wimbledon-2021,2021
228,BLR,Aryna Sabalenka,20210628,214544,23.1,4-6 6-3 6-3,R64,126.0,wimbledon-2021,2021
229,BLR,Aryna Sabalenka,20210628,214544,23.1,6-0 6-3,R32,75.0,wimbledon-2021,2021
230,BLR,Aryna Sabalenka,20210628,214544,23.1,6-3 4-6 6-3,R16,109.0,wimbledon-2021,2021
231,BLR,Aryna Sabalenka,20210628,214544,23.1,6-4 6-3,QF,74.0,wimbledon-2021,2021
232,BLR,Aryna Sabalenka,20210830,214544,23.3,6-4 6-7(4) 6-0,R128,144.0,us open-2021,2021
233,BLR,Aryna Sabalenka,20210830,214544,23.3,6-3 6-1,R64,59.0,us open-2021,2021
234,BLR,Aryna Sabalenka,20210830,214544,23.3,6-3 6-3,R32,89.0,us open-2021,2021
235,BLR,Aryna Sabalenka,20210830,214544,23.3,6-4 6-1,R16,71.0,us open-2021,2021
236,BLR,Aryna Sabalenka,20210830,214544,23.3,6-1 6-4,QF,86.0,us open-2021,2021
237,BLR,Aryna Sabalenka,20220117,214544,23.7,5-7 6-3 6-2,R128,122.0,australian open-2022,2022
238,BLR,Aryna Sabalenka,20220117,214544,23.7,1-6 6-4 6-2,R64,115.0,australian open-2022,2022
239,BLR,Aryna Sabalenka,20220117,214544,23.7,4-6 6-3 6-1,R32,109.0,australian open-2022,2022
240,BLR,Aryna Sabalenka,20220523,214544,24.0,2-6 6-3 6-4,R128,,roland garros-2022,2022
241,BLR,Aryna Sabalenka,20220523,214544,24.0,6-1 6-3,R64,,roland garros-2022,2022
242,BLR,Aryna Sabalenka,20220829,214544,24.3,6-1 6-3,R128,88.0,us open-2022,2022
243,BLR,Aryna Sabalenka,20220829,214544,24.3,2-6 7-6(8) 6-4,R64,135.0,us open-2022,2022
244,BLR,Aryna Sabalenka,20220829,214544,24.3,6-0 6-2,R32,68.0,us open-2022,2022
245,BLR,Aryna Sabalenka,20220829,214544,24.3,3-6 6-3 6-2,R16,149.0,us open-2022,2022
246,BLR,Aryna Sabalenka,20220829,214544,24.3,6-1 7-6(4),QF,82.0,us open-2022,2022
247,BLR,Aryna Sabalenka,20230116,214544,24.7,6-1 6-4,R128,69.0,australian open-2023,2023
248,BLR,Aryna Sabalenka,20230116,214544,24.7,6-3 6-1,R64,87.0,australian open-2023,2023
249,BLR,Aryna Sabalenka,20230116,214544,24.7,6-2 6-3,R32,74.0,australian open-2023,2023
250,BLR,Aryna Sabalenka,20230116,214544,24.7,7-5 6-2,R16,87.0,australian open-2023,2023
251,BLR,Aryna Sabalenka,20230116,214544,24.7,6-3 6-2,QF,109.0,australian open-2023,2023
252,BLR,Aryna Sabalenka,20230116,214544,24.7,7-6(1) 6-2,SF,93.0,australian open-2023,2023
253,BLR,Aryna Sabalenka,20230116,214544,24.7,4-6 6-3 6-4,F,148.0,australian open-2023,2023
254,BLR,Aryna Sabalenka,20230529,214544,25.0,6-3 6-2,R128,71.0,roland garros-2023,2023
255,BLR,Aryna Sabalenka,20230529,214544,25.0,7-5 6-2,R64,88.0,roland garros-2023,2023
256,BLR,Aryna Sabalenka,20230529,214544,25.0,6-2 6-2,R32,67.0,roland garros-2023,2023
257,BLR,Aryna Sabalenka,20230529,214544,25.0,7-6(5) 6-4,R16,102.0,roland garros-2023,2023
258,BLR,Aryna Sabalenka,20230529,214544,25.0,6-4 6-4,QF,97.0,roland garros-2023,2023
259,BLR,Aryna Sabalenka,20230703,214544,25.1,6-3 6-1,R128,62.0,wimbledon-2023,2023
260,BLR,Aryna Sabalenka,20230703,214544,25.1,2-6 7-5 6-2,R64,118.0,wimbledon-2023,2023
261,BLR,Aryna Sabalenka,20230703,214544,25.1,6-2 6-3,R32,81.0,wimbledon-2023,2023
262,BLR,Aryna Sabalenka,20230703,214544,25.1,6-4 6-0,R16,71.0,wimbledon-2023,2023
263,BLR,Aryna Sabalenka,20230703,214544,25.1,6-2 6-4,QF,87.0,wimbledon-2023,2023
264,BLR,Aryna Sabalenka,20230828,214544,25.3,6-3 6-2,R128,78.0,us open-2023,2023
265,BLR,Aryna Sabalenka,20230828,214544,25.3,6-3 6-2,R64,74.0,us open-2023,2023
266,BLR,Aryna Sabalenka,20230828,214544,25.3,6-1 6-1,R32,60.0,us open-2023,2023
267,BLR,Aryna Sabalenka,20230828,214544,25.3,6-1 6-3,R16,75.0,us open-2023,2023
268,BLR,Aryna Sabalenka,20230828,214544,25.3,6-1 6-4,QF,73.0,us open-2023,2023
269,BLR,Aryna Sabalenka,20230828,214544,25.3,0-6 7-6(1) 7-6(5),SF,152.0,us open-2023,2023
270,BLR,Aryna Sabalenka,20240115,214544,25.6,6-0 6-1,R128,53.0,australian open-2024,2024
271,BLR,Aryna Sabalenka,20240115,214544,25.6,6-3 6-2,R64,67.0,australian open-2024,2024
272,BLR,Aryna Sabalenka,20240115,214544,25.6,6-0 6-0,R32,52.0,australian open-2024,2024
273,BLR,Aryna Sabalenka,20240115,214544,25.6,6-3 6-2,R16,70.0,australian open-2024,2024
274,BLR,Aryna Sabalenka,20240115,214544,25.6,6-2 6-3,QF,71.0,australian open-2024,2024
275,BLR,Aryna Sabalenka,20240115,214544,25.6,7-6(2) 6-4,SF,102.0,australian open-2024,2024
276,BLR,Aryna Sabalenka,20240115,214544,25.6,6-3 6-2,F,76.0,australian open-2024,2024
277,BLR,Aryna Sabalenka,20240527,214544,26.0,6-1 6-2,R128,,roland garros-2024,2024
278,BLR,Aryna Sabalenka,20240527,214544,26.0,6-2 6-2,R64,,roland garros-2024,2024
279,BLR,Aryna Sabalenka,20240527,214544,26.0,7-5 6-1,R32,,roland garros-2024,2024
280,BLR,Aryna Sabalenka,20240527,214544,26.0,6-2 6-3,R16,,roland garros-2024,2024
281,BLR,Aryna Sabalenka,20240826,214544,26.3,6-3 6-3,R128,79.0,us open-2024,2024
282,BLR,Aryna Sabalenka,20240826,214544,26.3,6-3 6-1,R64,61.0,us open-2024,2024
283,BLR,Aryna Sabalenka,20240826,214544,26.3,2-6 6-1 6-2,R32,100.0,us open-2024,2024
284,BLR,Aryna Sabalenka,20240826,214544,26.3,6-2 6-4,R16,97.0,us open-2024,2024
285,BLR,Aryna Sabalenka,20240826,214544,26.3,6-1 6-2,QF,73.0,us open-2024,2024
286,BLR,Aryna Sabalenka,20240826,214544,26.3,6-3 7-6(2),SF,90.0,us open-2024,2024
287,BLR,Aryna Sabalenka,20240826,214544,26.3,7-5 7-5,F,113.0,us open-2024,2024
288,USA,Amanda Anisimova,20190527,216153,17.7,6-3 6-1,R128,56.0,roland garros-2019,2019
289,USA,Amanda Anisimova,20190527,216153,17.7,6-4 6-2,R64,74.0,roland garros-2019,2019
290,USA,Amanda Anisimova,20190527,216153,17.7,7-6(6) 6-4,R32,101.0,roland garros-2019,2019
291,USA,Amanda Anisimova,20190527,216153,17.7,6-3 6-0,R16,69.0,roland garros-2019,2019
292,USA,Amanda Anisimova,20190527,216153,17.7,6-2 6-4,QF,68.0,roland garros-2019,2019
293,USA,Amanda Anisimova,20190701,216153,17.8,6-3 6-3,R128,86.0,wimbledon-2019,2019
294,USA,Amanda Anisimova,20190114,216153,17.3,7-6(3) 6-4,R128,98.0,australian open-2019,2019
295,USA,Amanda Anisimova,20190114,216153,17.3,6-0 6-2,R64,54.0,australian open-2019,2019
296,USA,Amanda Anisimova,20190114,216153,17.3,6-3 6-2,R32,65.0,australian open-2019,2019
297,USA,Amanda Anisimova,20200831,216153,19.0,7-5 7-5,R128,87.0,us open-2020,2020
298,USA,Amanda Anisimova,20200831,216153,19.0,4-6 6-4 6-1,R64,116.0,us open-2020,2020
299,USA,Amanda Anisimova,20200928,216153,19.0,6-2 6-0,R128,59.0,roland garros-2020,2020
300,USA,Amanda Anisimova,20200928,216153,19.0,6-2 6-0,R64,57.0,roland garros-2020,2020
301,USA,Amanda Anisimova,20210830,216153,19.9,7-5 6-2,R128,66.0,us open-2021,2021
302,USA,Amanda Anisimova,20220117,216153,20.3,2-6 6-4 6-3,R128,104.0,australian open-2022,2022
303,USA,Amanda Anisimova,20220117,216153,20.3,6-2 7-5,R64,88.0,australian open-2022,2022
304,USA,Amanda Anisimova,20220117,216153,20.3,4-6 6-3 7-6(5),R32,135.0,australian open-2022,2022
305,USA,Amanda Anisimova,20220523,216153,20.7,7-5 6-4,R128,,roland garros-2022,2022
306,USA,Amanda Anisimova,20220523,216153,20.7,6-4 6-1,R64,,roland garros-2022,2022
307,USA,Amanda Anisimova,20220523,216153,20.7,6-7(7) 6-2 3-0 RET,R32,,roland garros-2022,2022
308,USA,Amanda Anisimova,20220627,216153,20.8,6-3 6-4,R128,65.0,wimbledon-2022,2022
309,USA,Amanda Anisimova,20220627,216153,20.8,2-6 6-3 6-4,R64,97.0,wimbledon-2022,2022
310,USA,Amanda Anisimova,20220627,216153,20.8,6-7(4) 6-2 6-1,R32,127.0,wimbledon-2022,2022
311,USA,Amanda Anisimova,20220627,216153,20.8,6-2 6-3,R16,74.0,wimbledon-2022,2022
312,USA,Amanda Anisimova,20240115,216153,22.3,6-3 6-4,R128,84.0,australian open-2024,2024
313,USA,Amanda Anisimova,20240115,216153,22.3,6-2 6-3,R64,64.0,australian open-2024,2024
314,USA,Amanda Anisimova,20240115,216153,22.3,7-5 6-4,R32,88.0,australian open-2024,2024
315,USA,Amanda Anisimova,20240527,216153,22.7,7-6(6) 6-4,R128,,roland garros-2024,2024
316,POL,Iga Swiatek,20190527,216347,17.9,6-3 6-0,R128,59.0,roland garros-2019,2019
317,POL,Iga Swiatek,20190527,216347,17.9,6-3 6-0,R64,53.0,roland garros-2019,2019
318,POL,Iga Swiatek,20190527,216347,17.9,0-6 6-3 6-3,R32,108.0,roland garros-2019,2019
319,POL,Iga Swiatek,20190826,216347,18.2,6-0 6-1,R128,51.0,us open-2019,2019
320,POL,Iga Swiatek,20190114,216347,17.6,6-3 3-6 6-4,R128,122.0,australian open-2019,2019
321,POL,Iga Swiatek,20200120,216347,18.6,6-3 6-2,R128,67.0,australian open-2020,2020
322,POL,Iga Swiatek,20200120,216347,18.6,6-3 7-5,R64,88.0,australian open-2020,2020
323,POL,Iga Swiatek,20200120,216347,18.6,7-5 6-3,R32,104.0,australian open-2020,2020
324,POL,Iga Swiatek,20200831,216347,19.2,6-3 6-3,R128,92.0,us open-2020,2020
325,POL,Iga Swiatek,20200831,216347,19.2,6-7(5) 6-3 6-4,R64,148.0,us open-2020,2020
326,POL,Iga Swiatek,20200928,216347,19.3,6-1 6-2,R128,63.0,roland garros-2020,2020
327,POL,Iga Swiatek,20200928,216347,19.3,6-1 6-4,R64,67.0,roland garros-2020,2020
328,POL,Iga Swiatek,20200928,216347,19.3,6-3 6-2,R32,74.0,roland garros-2020,2020
329,POL,Iga Swiatek,20200928,216347,19.3,6-1 6-2,R16,68.0,roland garros-2020,2020
330,POL,Iga Swiatek,20200928,216347,19.3,6-3 6-1,QF,78.0,roland garros-2020,2020
331,POL,Iga Swiatek,20200928,216347,19.3,6-2 6-1,SF,70.0,roland garros-2020,2020
332,POL,Iga Swiatek,20200928,216347,19.3,6-4 6-1,F,84.0,roland garros-2020,2020
333,POL,Iga Swiatek,20210208,216347,19.6,6-1 6-3,R128,76.0,australian open-2021,2021
334,POL,Iga Swiatek,20210208,216347,19.6,6-2 6-4,R64,80.0,australian open-2021,2021
335,POL,Iga Swiatek,20210208,216347,19.6,6-4 6-3,R32,84.0,australian open-2021,2021
336,POL,Iga Swiatek,20210531,216347,20.0,6-0 7-5,R128,87.0,roland garros-2021,2021
337,POL,Iga Swiatek,20210531,216347,20.0,6-1 6-1,R64,61.0,roland garros-2021,2021
338,POL,Iga Swiatek,20210531,216347,20.0,7-6(4) 6-0,R32,82.0,roland garros-2021,2021
339,POL,Iga Swiatek,20210531,216347,20.0,6-3 6-4,R16,92.0,roland garros-2021,2021
340,POL,Iga Swiatek,20210628,216347,20.0,6-4 6-4,R128,76.0,wimbledon-2021,2021
341,POL,Iga Swiatek,20210628,216347,20.0,6-1 6-3,R64,62.0,wimbledon-2021,2021
342,POL,Iga Swiatek,20210628,216347,20.0,6-1 6-0,R32,55.0,wimbledon-2021,2021
343,POL,Iga Swiatek,20210830,216347,20.2,6-3 6-4,R128,74.0,us open-2021,2021
344,POL,Iga Swiatek,20210830,216347,20.2,3-6 7-6(3) 6-0,R64,123.0,us open-2021,2021
345,POL,Iga Swiatek,20210830,216347,20.2,6-3 4-6 6-3,R32,137.0,us open-2021,2021
346,POL,Iga Swiatek,20220117,216347,20.6,6-3 6-0,R128,72.0,australian open-2022,2022
347,POL,Iga Swiatek,20220117,216347,20.6,6-2 6-2,R64,77.0,australian open-2022,2022
348,POL,Iga Swiatek,20220117,216347,20.6,6-2 6-3,R32,95.0,australian open-2022,2022
349,POL,Iga Swiatek,20220117,216347,20.6,5-7 6-3 6-3,R16,147.0,australian open-2022,2022
350,POL,Iga Swiatek,20220117,216347,20.6,4-6 7-6(2) 6-3,QF,181.0,australian open-2022,2022
351,POL,Iga Swiatek,20220523,216347,20.9,6-2 6-0,R128,,roland garros-2022,2022
352,POL,Iga Swiatek,20220523,216347,20.9,6-0 6-2,R64,,roland garros-2022,2022
353,POL,Iga Swiatek,20220523,216347,20.9,6-3 7-5,R32,,roland garros-2022,2022
354,POL,Iga Swiatek,20220523,216347,20.9,6-7(5) 6-0 6-2,R16,,roland garros-2022,2022
355,POL,Iga Swiatek,20220523,216347,20.9,6-3 6-2,QF,,roland garros-2022,2022
356,POL,Iga Swiatek,20220523,216347,20.9,6-2 6-1,SF,,roland garros-2022,2022
357,POL,Iga Swiatek,20220523,216347,20.9,6-1 6-3,F,,roland garros-2022,2022
358,POL,Iga Swiatek,20220627,216347,21.0,6-0 6-3,R128,75.0,wimbledon-2022,2022
359,POL,Iga Swiatek,20220627,216347,21.0,6-4 4-6 6-3,R64,124.0,wimbledon-2022,2022
360,POL,Iga Swiatek,20220829,216347,21.2,6-3 6-0,R128,67.0,us open-2022,2022
361,POL,Iga Swiatek,20220829,216347,21.2,6-3 6-2,R64,74.0,us open-2022,2022
362,POL,Iga Swiatek,20220829,216347,21.2,6-3 6-4,R32,119.0,us open-2022,2022
363,POL,Iga Swiatek,20220829,216347,21.2,2-6 6-4 6-0,R16,143.0,us open-2022,2022
364,POL,Iga Swiatek,20220829,216347,21.2,6-3 7-6(4),QF,113.0,us open-2022,2022
365,POL,Iga Swiatek,20220829,216347,21.2,3-6 6-1 6-4,SF,131.0,us open-2022,2022
366,POL,Iga Swiatek,20220829,216347,21.2,6-2 7-6(5),F,111.0,us open-2022,2022
367,POL,Iga Swiatek,20230116,216347,21.6,6-4 7-5,R128,119.0,australian open-2023,2023
368,POL,Iga Swiatek,20230116,216347,21.6,6-2 6-3,R64,84.0,australian open-2023,2023
369,POL,Iga Swiatek,20230116,216347,21.6,6-0 6-1,R32,55.0,australian open-2023,2023
370,POL,Iga Swiatek,20230529,216347,21.9,6-4 6-0,R128,74.0,roland garros-2023,2023
371,POL,Iga Swiatek,20230529,216347,21.9,6-4 6-0,R64,90.0,roland garros-2023,2023
372,POL,Iga Swiatek,20230529,216347,21.9,6-0 6-0,R32,51.0,roland garros-2023,2023
373,POL,Iga Swiatek,20230529,216347,21.9,5-1 RET,R16,66.0,roland garros-2023,2023
374,POL,Iga Swiatek,20230529,216347,21.9,6-4 6-2,QF,89.0,roland garros-2023,2023
375,POL,Iga Swiatek,20230529,216347,21.9,6-2 7-6(7),SF,130.0,roland garros-2023,2023
376,POL,Iga Swiatek,20230529,216347,21.9,6-2 5-7 6-4,F,167.0,roland garros-2023,2023
377,POL,Iga Swiatek,20230703,216347,22.0,6-1 6-3,R128,81.0,wimbledon-2023,2023
378,POL,Iga Swiatek,20230703,216347,22.0,6-2 6-0,R64,70.0,wimbledon-2023,2023
379,POL,Iga Swiatek,20230703,216347,22.0,6-2 7-5,R32,103.0,wimbledon-2023,2023
380,POL,Iga Swiatek,20230703,216347,22.0,6-7(4) 7-6(2) 6-3,R16,183.0,wimbledon-2023,2023
381,POL,Iga Swiatek,20230828,216347,22.2,6-0 6-1,R128,58.0,us open-2023,2023
382,POL,Iga Swiatek,20230828,216347,22.2,6-3 6-4,R64,94.0,us open-2023,2023
383,POL,Iga Swiatek,20230828,216347,22.2,6-0 6-1,R32,49.0,us open-2023,2023
384,POL,Iga Swiatek,20240115,216347,22.6,7-6(2) 6-2,R128,111.0,australian open-2024,2024
385,POL,Iga Swiatek,20240115,216347,22.6,6-4 3-6 6-4,R64,194.0,australian open-2024,2024
386,POL,Iga Swiatek,20240527,216347,22.9,6-1 6-2,R128,,roland garros-2024,2024
387,POL,Iga Swiatek,20240527,216347,22.9,7-6(1) 1-6 7-5,R64,,roland garros-2024,2024
388,POL,Iga Swiatek,20240527,216347,22.9,6-4 6-2,R32,,roland garros-2024,2024
389,POL,Iga Swiatek,20240527,216347,22.9,6-0 6-0,R16,,roland garros-2024,2024
390,POL,Iga Swiatek,20240527,216347,22.9,6-0 6-2,QF,,roland garros-2024,2024
391,POL,Iga Swiatek,20240527,216347,22.9,6-2 6-4,SF,,roland garros-2024,2024
392,POL,Iga Swiatek,20240527,216347,22.9,6-2 6-1,F,,roland garros-2024,2024
393,POL,Iga Swiatek,20240701,216347,23.0,6-3 6-4,R128,79.0,wimbledon-2024,2024
394,POL,Iga Swiatek,20240701,216347,23.0,6-4 6-3,R64,83.0,wimbledon-2024,2024
395,POL,Iga Swiatek,20240826,216347,23.2,6-4 7-6(6),R128,112.0,us open-2024,2024
396,POL,Iga Swiatek,20240826,216347,23.2,6-0 6-1,R64,65.0,us open-2024,2024
397,POL,Iga Swiatek,20240826,216347,23.2,6-4 6-2,R32,92.0,us open-2024,2024
398,POL,Iga Swiatek,20240826,216347,23.2,6-4 6-1,R16,90.0,us open-2024,2024
399,CHN,Qinwen Zheng,20220117,221012,19.2,6-3 1-6 7-6(5),R128,147.0,australian open-2022,2022
400,CHN,Qinwen Zheng,20220523,221012,19.6,6-3 6-1,R128,,roland garros-2022,2022
401,CHN,Qinwen Zheng,20220523,221012,19.6,2-6 6-2 6-1,R64,,roland garros-2022,2022
402,CHN,Qinwen Zheng,20220523,221012,19.6,6-0 3-0 RET,R32,,roland garros-2022,2022
403,CHN,Qinwen Zheng,20220627,221012,19.7,7-6(1) 7-5,R128,103.0,wimbledon-2022,2022
404,CHN,Qinwen Zheng,20220627,221012,19.7,6-4 6-1,R64,75.0,wimbledon-2022,2022
405,CHN,Qinwen Zheng,20220829,221012,19.8,6-3 3-6 6-4,R128,120.0,us open-2022,2022
406,CHN,Qinwen Zheng,20220829,221012,19.8,7-6(4) 7-6(3),R64,109.0,us open-2022,2022
407,CHN,Qinwen Zheng,20230116,221012,20.2,6-0 6-2,R128,56.0,australian open-2023,2023
408,CHN,Qinwen Zheng,20230529,221012,20.6,6-3 6-1,R128,75.0,roland garros-2023,2023
409,CHN,Qinwen Zheng,20230828,221012,20.8,6-1 6-0,R128,63.0,us open-2023,2023
410,CHN,Qinwen Zheng,20230828,221012,20.8,6-2 3-6 6-2,R64,118.0,us open-2023,2023
411,CHN,Qinwen Zheng,20230828,221012,20.8,6-3 4-6 6-4,R32,160.0,us open-2023,2023
412,CHN,Qinwen Zheng,20230828,221012,20.8,6-2 6-4,R16,82.0,us open-2023,2023
413,CHN,Qinwen Zheng,20240115,221012,21.2,3-6 6-2 6-3,R128,138.0,australian open-2024,2024
414,CHN,Qinwen Zheng,20240115,221012,21.2,6-3 6-3,R64,95.0,australian open-2024,2024
415,CHN,Qinwen Zheng,20240115,221012,21.2,6-4 2-6 7-6(8),R32,160.0,australian open-2024,2024
416,CHN,Qinwen Zheng,20240115,221012,21.2,6-0 6-3,R16,59.0,australian open-2024,2024
417,CHN,Qinwen Zheng,20240115,221012,21.2,6-7(4) 6-3 6-1,QF,140.0,australian open-2024,2024
418,CHN,Qinwen Zheng,20240115,221012,21.2,6-4 6-4,SF,102.0,australian open-2024,2024
419,CHN,Qinwen Zheng,20240527,221012,21.6,6-2 6-1,R128,,roland garros-2024,2024
420,CHN,Qinwen Zheng,20240527,221012,21.6,6-2 6-2,R64,,roland garros-2024,2024
421,CHN,Qinwen Zheng,20240826,221012,21.8,4-6 6-4 6-2,R128,140.0,us open-2024,2024
422,CHN,Qinwen Zheng,20240826,221012,21.8,6-7(3) 6-1 6-2,R64,148.0,us open-2024,2024
423,CHN,Qinwen Zheng,20240826,221012,21.8,6-2 6-1,R32,81.0,us open-2024,2024
424,CHN,Qinwen Zheng,20240826,221012,21.8,7-6(2) 4-6 6-2,R16,170.0,us open-2024,2024
425,USA,Coco Gauff,20190701,221103,15.2,6-4 6-4,R128,79.0,wimbledon-2019,2019
426,USA,Coco Gauff,20190701,221103,15.2,6-3 6-3,R64,69.0,wimbledon-2019,2019
427,USA,Coco Gauff,20190701,221103,15.2,3-6 7-6(7) 7-5,R32,167.0,wimbledon-2019,2019
428,USA,Coco Gauff,20190826,221103,15.4,3-6 6-2 6-4,R128,121.0,us open-2019,2019
429,USA,Coco Gauff,20190826,221103,15.4,6-2 4-6 6-4,R64,142.0,us open-2019,2019
430,USA,Coco Gauff,20200120,221103,15.8,7-6(5) 6-3,R128,97.0,australian open-2020,2020
431,USA,Coco Gauff,20200120,221103,15.8,4-6 6-3 7-5,R64,126.0,australian open-2020,2020
432,USA,Coco Gauff,20200120,221103,15.8,6-3 6-4,R32,67.0,australian open-2020,2020
433,USA,Coco Gauff,20200928,221103,16.5,6-3 6-3,R128,101.0,roland garros-2020,2020
434,USA,Coco Gauff,20210208,221103,16.9,6-3 6-2,R128,57.0,australian open-2021,2021
435,USA,Coco Gauff,20210531,221103,17.2,7-6(11) 6-4,R128,127.0,roland garros-2021,2021
436,USA,Coco Gauff,20210531,221103,17.2,6-3 7-6(1),R64,94.0,roland garros-2021,2021
437,USA,Coco Gauff,20210531,221103,17.2,6-1 0-0 RET,R32,23.0,roland garros-2021,2021
438,USA,Coco Gauff,20210531,221103,17.2,6-3 6-1,R16,53.0,roland garros-2021,2021
439,USA,Coco Gauff,20210628,221103,17.2,7-5 6-4,R128,97.0,wimbledon-2021,2021
440,USA,Coco Gauff,20210628,221103,17.2,6-4 6-3,R64,71.0,wimbledon-2021,2021
441,USA,Coco Gauff,20210628,221103,17.2,6-3 6-3,R32,65.0,wimbledon-2021,2021
442,USA,Coco Gauff,20210830,221103,17.4,5-7 6-3 6-4,R128,154.0,us open-2021,2021
443,USA,Coco Gauff,20220523,221103,18.1,7-5 6-0,R128,,roland garros-2022,2022
444,USA,Coco Gauff,20220523,221103,18.1,6-1 7-6(4),R64,,roland garros-2022,2022
445,USA,Coco Gauff,20220523,221103,18.1,6-3 6-4,R32,,roland garros-2022,2022
446,USA,Coco Gauff,20220523,221103,18.1,6-4 6-0,R16,,roland garros-2022,2022
447,USA,Coco Gauff,20220523,221103,18.1,7-5 6-2,QF,,roland garros-2022,2022
448,USA,Coco Gauff,20220523,221103,18.1,6-3 6-1,SF,,roland garros-2022,2022
449,USA,Coco Gauff,20220627,221103,18.2,2-6 6-3 7-5,R128,149.0,wimbledon-2022,2022
450,USA,Coco Gauff,20220627,221103,18.2,6-2 6-3,R64,80.0,wimbledon-2022,2022
451,USA,Coco Gauff,20220829,221103,18.4,6-2 6-3,R128,80.0,us open-2022,2022
452,USA,Coco Gauff,20220829,221103,18.4,6-2 7-6(4),R64,96.0,us open-2022,2022
453,USA,Coco Gauff,20220829,221103,18.4,6-2 6-3,R32,71.0,us open-2022,2022
454,USA,Coco Gauff,20220829,221103,18.4,7-5 7-5,R16,116.0,us open-2022,2022
455,USA,Coco Gauff,20230116,221103,18.8,6-1 6-4,R128,75.0,australian open-2023,2023
456,USA,Coco Gauff,20230116,221103,18.8,6-3 7-6(4),R64,102.0,australian open-2023,2023
457,USA,Coco Gauff,20230116,221103,18.8,6-3 6-2,R32,94.0,australian open-2023,2023
458,USA,Coco Gauff,20230529,221103,19.2,3-6 6-1 6-2,R128,107.0,roland garros-2023,2023
459,USA,Coco Gauff,20230529,221103,19.2,6-2 6-3,R64,68.0,roland garros-2023,2023
460,USA,Coco Gauff,20230529,221103,19.2,6-7(5) 6-1 6-1,R32,123.0,roland garros-2023,2023
461,USA,Coco Gauff,20230529,221103,19.2,7-5 6-2,R16,92.0,roland garros-2023,2023
462,USA,Coco Gauff,20230828,221103,19.4,3-6 6-2 6-4,R128,171.0,us open-2023,2023
463,USA,Coco Gauff,20230828,221103,19.4,6-3 6-2,R64,76.0,us open-2023,2023
464,USA,Coco Gauff,20230828,221103,19.4,3-6 6-3 6-0,R32,124.0,us open-2023,2023
465,USA,Coco Gauff,20230828,221103,19.4,6-3 3-6 6-1,R16,120.0,us open-2023,2023
466,USA,Coco Gauff,20230828,221103,19.4,6-0 6-2,QF,68.0,us open-2023,2023
467,USA,Coco Gauff,20230828,221103,19.4,6-4 7-5,SF,123.0,us open-2023,2023
468,USA,Coco Gauff,20230828,221103,19.4,2-6 6-3 6-2,F,126.0,us open-2023,2023
469,USA,Coco Gauff,20240115,221103,19.8,6-3 6-0,R128,60.0,australian open-2024,2024
470,USA,Coco Gauff,20240115,221103,19.8,7-6(2) 6-2,R64,104.0,australian open-2024,2024
471,USA,Coco Gauff,20240115,221103,19.8,6-0 6-2,R32,61.0,australian open-2024,2024
472,USA,Coco Gauff,20240115,221103,19.8,6-1 6-2,R16,63.0,australian open-2024,2024
473,USA,Coco Gauff,20240115,221103,19.8,7-6(6) 6-7(3) 6-2,QF,188.0,australian open-2024,2024
474,USA,Coco Gauff,20240527,221103,20.2,6-1 6-1,R128,,roland garros-2024,2024
475,USA,Coco Gauff,20240527,221103,20.2,6-3 6-4,R64,,roland garros-2024,2024
476,USA,Coco Gauff,20240527,221103,20.2,6-2 6-4,R32,,roland garros-2024,2024
477,USA,Coco Gauff,20240527,221103,20.2,6-1 6-2,R16,,roland garros-2024,2024
478,USA,Coco Gauff,20240527,221103,20.2,4-6 6-2 6-3,QF,,roland garros-2024,2024
479,USA,Coco Gauff,20240701,221103,20.3,6-1 6-2,R128,65.0,wimbledon-2024,2024
480,USA,Coco Gauff,20240701,221103,20.3,6-2 6-1,R64,66.0,wimbledon-2024,2024
481,USA,Coco Gauff,20240701,221103,20.3,6-4 6-0,R32,62.0,wimbledon-2024,2024
482,USA,Coco Gauff,20240826,221103,20.4,6-2 6-0,R128,66.0,us open-2024,2024
483,USA,Coco Gauff,20240826,221103,20.4,6-4 6-0,R64,80.0,us open-2024,2024
484,USA,Coco Gauff,20240826,221103,20.4,3-6 6-3 6-3,R32,123.0,us open-2024,2024
485,RUS,Mirra Andreeva,20230529,259799,16.0,6-2 6-1,R128,57.0,roland garros-2023,2023
486,RUS,Mirra Andreeva,20230529,259799,16.0,6-1 6-2,R64,77.0,roland garros-2023,2023
487,RUS,Mirra Andreeva,20230703,259799,16.1,6-4 3-6 7-5,R128,145.0,wimbledon-2023,2023
488,RUS,Mirra Andreeva,20230703,259799,16.1,6-3 4-0 RET,R64,60.0,wimbledon-2023,2023
489,RUS,Mirra Andreeva,20230703,259799,16.1,6-2 7-5,R32,95.0,wimbledon-2023,2023
490,RUS,Mirra Andreeva,20230828,259799,16.3,1-6 6-3 6-4,R128,122.0,us open-2023,2023
491,RUS,Mirra Andreeva,20240115,259799,16.7,7-5 6-2,R128,78.0,australian open-2024,2024
492,RUS,Mirra Andreeva,20240115,259799,16.7,6-0 6-2,R64,54.0,australian open-2024,2024
493,RUS,Mirra Andreeva,20240115,259799,16.7,1-6 6-1 7-6(5),R32,143.0,australian open-2024,2024
494,RUS,Mirra Andreeva,20240527,259799,17.0,6-2 6-3,R128,,roland garros-2024,2024
495,RUS,Mirra Andreeva,20240527,259799,17.0,6-3 3-6 7-5,R64,,roland garros-2024,2024
496,RUS,Mirra Andreeva,20240527,259799,17.0,6-2 6-1,R32,,roland garros-2024,2024
497,RUS,Mirra Andreeva,20240527,259799,17.0,7-5 6-2,R16,,roland garros-2024,2024
498,RUS,Mirra Andreeva,20240527,259799,17.0,6-7(5) 6-4 6-4,QF,,roland garros-2024,2024
499,RUS,Mirra Andreeva,20240826,259799,17.3,6-2 7-6(4),R128,98.0,us open-2024,2024
