tourney_name,round,year,total_2ndWon,total_1stIn,total_bpFaced,total_1stWon,total_SvGms,total_df,total_bpSaved,total_ace,%aces_por_punto,%doble_falta,%primer_serve_in,%primer_serve_won,%segundo_serve_won,%bp_saved,%bp_convertidos,%juegos_de_saques_ganados,%puntos_ganados_con_servicio,total_svpt,w_ace,l_ace
australian open,F,2008,52.0,165.0,17.0,122.0,41.0,4.0,11.0,26.0,10.077519379844961,1.550387596899225,63.95348837209303,73.93939393939394,55.91397849462365,64.70588235294117,64.70588235294117,100.0,67.44186046511628,258.0,11.0,15.0
australian open,F,2011,31.0,107.0,22.0,72.0,27.0,4.0,12.0,11.0,5.978260869565218,2.1739130434782608,58.152173913043484,67.28971962616822,40.25974025974026,54.54545454545454,54.54545454545454,100.0,55.97826086956522,184.0,5.0,6.0
australian open,F,2012,75.0,233.0,26.0,155.0,54.0,6.0,15.0,19.0,5.149051490514905,1.6260162601626018,63.143631436314365,66.52360515021459,55.14705882352941,57.692307692307686,57.692307692307686,100.0,62.33062330623306,369.0,9.0,10.0
australian open,F,2013,57.0,165.0,15.0,127.0,41.0,7.0,12.0,15.0,5.660377358490567,2.6415094339622645,62.264150943396224,76.96969696969697,56.99999999999999,80.0,80.0,100.0,69.43396226415094,265.0,8.0,7.0
australian open,F,2015,48.0,158.0,28.0,98.0,39.0,4.0,14.0,19.0,7.480314960629922,1.574803149606299,62.20472440944882,62.0253164556962,50.0,50.0,50.0,100.0,57.48031496062992,254.0,9.0,10.0
australian open,F,2016,34.0,144.0,18.0,102.0,32.0,8.0,11.0,19.0,8.558558558558559,3.6036036036036037,64.86486486486487,70.83333333333334,43.58974358974359,61.111111111111114,61.111111111111114,100.0,61.261261261261254,222.0,7.0,12.0
australian open,F,2019,32.0,97.0,9.0,64.0,26.0,2.0,4.0,11.0,7.746478873239436,1.4084507042253522,68.30985915492957,65.97938144329896,71.11111111111111,44.44444444444444,44.44444444444444,100.0,67.6056338028169,142.0,8.0,3.0
australian open,F,2020,52.0,195.0,24.0,141.0,47.0,10.0,14.0,22.0,7.236842105263158,3.289473684210526,64.14473684210526,72.3076923076923,47.706422018348626,58.333333333333336,58.333333333333336,100.0,63.48684210526315,304.0,9.0,13.0
australian open,F,2021,24.0,101.0,15.0,72.0,28.0,6.0,6.0,9.0,5.806451612903226,3.870967741935484,65.16129032258064,71.28712871287128,44.44444444444444,40.0,40.0,100.0,61.935483870967744,155.0,3.0,6.0
australian open,F,2023,40.0,135.0,8.0,104.0,33.0,6.0,5.0,22.0,10.679611650485436,2.912621359223301,65.53398058252428,77.03703703703704,56.33802816901409,62.5,62.5,100.0,69.90291262135922,206.0,7.0,15.0
australian open,QF,2008,35.0,110.0,23.0,73.0,27.0,7.0,16.0,11.0,5.978260869565218,3.804347826086957,59.78260869565217,66.36363636363637,47.2972972972973,69.56521739130434,69.56521739130434,100.0,58.69565217391305,184.0,7.0,4.0
australian open,QF,2009,31.0,134.0,13.0,100.0,33.0,10.0,7.0,24.0,11.881188118811881,4.9504950495049505,66.33663366336634,74.6268656716418,45.588235294117645,53.84615384615385,53.84615384615385,100.0,64.85148514851485,202.0,16.0,8.0
australian open,QF,2010,50.0,209.0,27.0,141.0,47.0,11.0,14.0,21.0,6.7092651757188495,3.5143769968051117,66.77316293929712,67.46411483253588,48.07692307692308,51.85185185185185,51.85185185185185,100.0,61.0223642172524,313.0,19.0,2.0
australian open,QF,2011,27.0,114.0,12.0,88.0,26.0,6.0,6.0,16.0,8.55614973262032,3.2085561497326207,60.962566844919785,77.19298245614034,36.986301369863014,50.0,50.0,100.0,61.49732620320856,187.0,10.0,6.0
australian open,QF,2012,46.0,111.0,16.0,73.0,29.0,1.0,9.0,5.0,2.6455026455026456,0.5291005291005291,58.730158730158735,65.76576576576578,58.97435897435898,56.25,56.25,100.0,62.96296296296296,189.0,3.0,2.0
australian open,QF,2013,38.0,129.0,18.0,93.0,34.0,7.0,11.0,18.0,8.823529411764707,3.431372549019608,63.23529411764706,72.09302325581395,50.66666666666667,61.111111111111114,61.111111111111114,100.0,64.2156862745098,204.0,10.0,8.0
australian open,QF,2014,59.0,203.0,17.0,146.0,51.0,6.0,8.0,24.0,7.643312101910828,1.910828025477707,64.64968152866241,71.92118226600985,53.153153153153156,47.05882352941176,47.05882352941176,100.0,65.28662420382165,314.0,17.0,7.0
australian open,QF,2015,35.0,121.0,11.0,96.0,30.0,4.0,8.0,25.0,14.124293785310735,2.2598870056497176,68.36158192090396,79.33884297520662,62.5,72.72727272727273,72.72727272727273,100.0,74.01129943502825,177.0,8.0,17.0
australian open,QF,2016,39.0,100.0,19.0,62.0,27.0,6.0,11.0,15.0,8.670520231213873,3.4682080924855487,57.80346820809249,62.0,53.42465753424658,57.89473684210527,57.89473684210527,100.0,58.38150289017341,173.0,6.0,9.0
australian open,QF,2019,13.0,53.0,4.0,33.0,12.0,4.0,0.0,2.0,2.631578947368421,5.263157894736842,69.73684210526315,62.264150943396224,56.52173913043478,0.0,0.0,100.0,60.526315789473685,76.0,2.0,0.0
australian open,QF,2020,35.0,151.0,18.0,118.0,31.0,7.0,16.0,22.0,9.606986899563319,3.056768558951965,65.93886462882097,78.1456953642384,44.871794871794876,88.88888888888889,88.88888888888889,100.0,66.8122270742358,229.0,4.0,18.0
australian open,QF,2021,41.0,200.0,21.0,146.0,42.0,10.0,12.0,44.0,15.277777777777779,3.4722222222222223,69.44444444444444,73.0,46.590909090909086,57.14285714285714,57.14285714285714,100.0,64.93055555555556,288.0,23.0,21.0
australian open,QF,2023,25.0,120.0,19.0,84.0,25.0,8.0,14.0,20.0,11.11111111111111,4.444444444444445,66.66666666666666,70.0,41.66666666666667,73.68421052631578,73.68421052631578,100.0,60.55555555555555,180.0,14.0,6.0
australian open,QF,2024,56.0,162.0,27.0,118.0,39.0,5.0,21.0,36.0,13.382899628252787,1.858736059479554,60.223048327137555,72.8395061728395,52.336448598130836,77.77777777777779,77.77777777777779,100.0,64.68401486988847,269.0,20.0,16.0
australian open,R128,2005,18.0,66.0,14.0,41.0,21.0,6.0,4.0,2.0,1.7094017094017095,5.128205128205128,56.41025641025641,62.121212121212125,35.294117647058826,28.57142857142857,28.57142857142857,100.0,50.427350427350426,117.0,1.0,1.0
australian open,R128,2006,38.0,143.0,32.0,95.0,32.0,16.0,23.0,8.0,3.4782608695652173,6.956521739130435,62.17391304347826,66.43356643356644,43.67816091954023,71.875,71.875,100.0,57.826086956521735,230.0,2.0,6.0
australian open,R128,2007,23.0,77.0,18.0,50.0,20.0,5.0,10.0,6.0,4.6875,3.90625,60.15625,64.93506493506493,45.09803921568628,55.55555555555556,55.55555555555556,100.0,57.03125,128.0,5.0,1.0
australian open,R128,2008,32.0,88.0,9.0,64.0,26.0,6.0,2.0,13.0,8.074534161490684,3.7267080745341614,54.6583850931677,72.72727272727273,43.83561643835616,22.22222222222222,22.22222222222222,100.0,59.62732919254658,161.0,6.0,7.0
australian open,R128,2009,35.0,110.0,25.0,67.0,29.0,7.0,14.0,14.0,7.608695652173914,3.804347826086957,59.78260869565217,60.909090909090914,47.2972972972973,56.00000000000001,56.00000000000001,100.0,55.434782608695656,184.0,8.0,6.0
australian open,R128,2010,28.0,115.0,20.0,86.0,29.0,10.0,14.0,9.0,4.972375690607735,5.524861878453039,63.53591160220995,74.78260869565217,42.42424242424242,70.0,70.0,100.0,62.98342541436463,181.0,4.0,5.0
australian open,R128,2011,22.0,76.0,14.0,55.0,23.0,4.0,6.0,10.0,7.633587786259542,3.0534351145038165,58.01526717557252,72.36842105263158,40.0,42.857142857142854,42.857142857142854,100.0,58.778625954198475,131.0,7.0,3.0
australian open,R128,2012,10.0,77.0,18.0,51.0,20.0,6.0,8.0,4.0,3.2520325203252036,4.878048780487805,62.601626016260155,66.23376623376623,21.73913043478261,44.44444444444444,44.44444444444444,100.0,49.59349593495935,123.0,4.0,0.0
australian open,R128,2013,32.0,107.0,10.0,83.0,30.0,6.0,6.0,14.0,8.588957055214724,3.6809815950920246,65.6441717791411,77.57009345794393,57.14285714285714,60.0,60.0,100.0,70.5521472392638,163.0,9.0,5.0
australian open,R128,2014,35.0,110.0,11.0,80.0,28.0,1.0,6.0,14.0,8.187134502923977,0.5847953216374269,64.32748538011695,72.72727272727273,57.377049180327866,54.54545454545454,54.54545454545454,100.0,67.2514619883041,171.0,9.0,5.0
australian open,R128,2015,34.0,105.0,11.0,79.0,27.0,6.0,7.0,20.0,11.904761904761903,3.571428571428571,62.5,75.23809523809524,53.96825396825397,63.63636363636363,63.63636363636363,100.0,67.26190476190477,168.0,8.0,12.0
australian open,R128,2016,29.0,101.0,8.0,73.0,27.0,5.0,2.0,15.0,9.49367088607595,3.1645569620253164,63.92405063291139,72.27722772277228,50.877192982456144,25.0,25.0,100.0,64.55696202531645,158.0,10.0,5.0
australian open,R128,2017,38.0,113.0,21.0,77.0,27.0,7.0,13.0,7.0,3.5000000000000004,3.5000000000000004,56.49999999999999,68.14159292035397,43.67816091954023,61.904761904761905,61.904761904761905,100.0,57.49999999999999,200.0,2.0,5.0
australian open,R128,2018,44.0,97.0,27.0,58.0,25.0,3.0,20.0,6.0,3.5502958579881656,1.7751479289940828,57.396449704142015,59.79381443298969,61.111111111111114,74.07407407407408,74.07407407407408,100.0,60.35502958579882,169.0,4.0,2.0
australian open,R128,2019,23.0,129.0,22.0,87.0,25.0,4.0,15.0,8.0,4.395604395604396,2.197802197802198,70.87912087912088,67.44186046511628,43.39622641509434,68.18181818181817,68.18181818181817,100.0,60.43956043956044,182.0,6.0,2.0
australian open,R128,2020,36.0,123.0,16.0,87.0,35.0,10.0,5.0,27.0,13.23529411764706,4.901960784313726,60.29411764705882,70.73170731707317,44.44444444444444,31.25,31.25,100.0,60.29411764705882,204.0,14.0,13.0
australian open,R128,2021,24.0,94.0,13.0,67.0,24.0,4.0,7.0,12.0,8.391608391608392,2.797202797202797,65.73426573426573,71.27659574468085,48.97959183673469,53.84615384615385,53.84615384615385,100.0,63.63636363636363,143.0,9.0,3.0
australian open,R128,2023,30.0,84.0,12.0,65.0,25.0,2.0,7.0,13.0,8.783783783783784,1.3513513513513513,56.75675675675676,77.38095238095238,46.875,58.333333333333336,58.333333333333336,100.0,64.1891891891892,148.0,9.0,4.0
australian open,R128,2024,44.0,161.0,26.0,106.0,39.0,8.0,14.0,18.0,7.142857142857142,3.1746031746031744,63.888888888888886,65.83850931677019,48.35164835164835,53.84615384615385,53.84615384615385,100.0,59.523809523809526,252.0,11.0,7.0
australian open,R16,2007,38.0,112.0,10.0,78.0,29.0,3.0,4.0,19.0,10.497237569060774,1.6574585635359116,61.87845303867403,69.64285714285714,55.072463768115945,40.0,40.0,100.0,64.08839779005525,181.0,12.0,7.0
australian open,R16,2008,37.0,110.0,19.0,73.0,30.0,10.0,9.0,19.0,9.793814432989691,5.154639175257731,56.70103092783505,66.36363636363637,44.047619047619044,47.368421052631575,47.368421052631575,100.0,56.70103092783505,194.0,13.0,6.0
australian open,R16,2009,55.0,155.0,22.0,108.0,39.0,5.0,16.0,15.0,5.660377358490567,1.8867924528301887,58.490566037735846,69.6774193548387,50.0,72.72727272727273,72.72727272727273,100.0,61.50943396226415,265.0,3.0,12.0
australian open,R16,2010,26.0,97.0,11.0,72.0,27.0,5.0,4.0,14.0,9.333333333333334,3.3333333333333335,64.66666666666666,74.22680412371135,49.056603773584904,36.36363636363637,36.36363636363637,100.0,65.33333333333333,150.0,10.0,4.0
australian open,R16,2011,23.0,102.0,16.0,76.0,25.0,6.0,11.0,17.0,11.11111111111111,3.9215686274509802,66.66666666666666,74.50980392156863,45.09803921568628,68.75,68.75,100.0,64.70588235294117,153.0,12.0,5.0
australian open,R16,2012,43.0,129.0,18.0,91.0,35.0,9.0,6.0,18.0,7.964601769911504,3.982300884955752,57.07964601769911,70.54263565891473,44.329896907216494,33.33333333333333,33.33333333333333,100.0,59.29203539823009,226.0,15.0,3.0
australian open,R16,2013,78.0,262.0,33.0,183.0,63.0,7.0,19.0,23.0,5.623471882640587,1.7114914425427872,64.05867970660147,69.8473282442748,53.06122448979592,57.57575757575758,57.57575757575758,100.0,63.81418092909536,409.0,7.0,16.0
australian open,R16,2014,25.0,97.0,22.0,70.0,23.0,9.0,16.0,11.0,7.28476821192053,5.960264900662252,64.23841059602648,72.16494845360825,46.2962962962963,72.72727272727273,72.72727272727273,100.0,62.913907284768214,151.0,8.0,3.0
australian open,R16,2015,39.0,130.0,15.0,100.0,34.0,4.0,12.0,21.0,10.65989847715736,2.030456852791878,65.98984771573603,76.92307692307693,58.2089552238806,80.0,80.0,100.0,70.55837563451777,197.0,13.0,8.0
australian open,R16,2016,61.0,236.0,43.0,164.0,51.0,5.0,33.0,11.0,2.9810298102981028,1.3550135501355014,63.956639566395665,69.49152542372882,45.86466165413533,76.74418604651163,76.74418604651163,100.0,60.97560975609756,369.0,9.0,2.0
australian open,R16,2018,40.0,172.0,29.0,112.0,36.0,11.0,18.0,3.0,1.1278195488721803,4.135338345864661,64.66165413533834,65.11627906976744,42.5531914893617,62.06896551724138,62.06896551724138,100.0,57.14285714285714,266.0,1.0,2.0
australian open,R16,2019,38.0,177.0,27.0,126.0,39.0,11.0,18.0,24.0,8.955223880597014,4.104477611940299,66.04477611940298,71.1864406779661,41.75824175824176,66.66666666666666,66.66666666666666,100.0,61.19402985074627,268.0,6.0,18.0
australian open,R16,2020,40.0,105.0,11.0,72.0,29.0,5.0,6.0,9.0,5.142857142857142,2.857142857142857,60.0,68.57142857142857,57.14285714285714,54.54545454545454,54.54545454545454,100.0,64.0,175.0,8.0,1.0
australian open,R16,2021,46.0,157.0,14.0,121.0,39.0,6.0,10.0,36.0,14.754098360655737,2.459016393442623,64.34426229508196,77.07006369426752,52.87356321839081,71.42857142857143,71.42857142857143,100.0,68.44262295081968,244.0,10.0,26.0
australian open,R16,2023,30.0,94.0,12.0,59.0,23.0,5.0,6.0,7.0,4.666666666666667,3.3333333333333335,62.66666666666667,62.76595744680851,53.57142857142857,50.0,50.0,100.0,59.333333333333336,150.0,4.0,3.0
australian open,R16,2024,21.0,82.0,14.0,56.0,21.0,5.0,7.0,18.0,14.173228346456693,3.937007874015748,64.56692913385827,68.29268292682927,46.666666666666664,50.0,50.0,100.0,60.629921259842526,127.0,17.0,1.0
australian open,R32,2007,44.0,154.0,24.0,102.0,38.0,5.0,14.0,16.0,6.6115702479338845,2.066115702479339,63.63636363636363,66.23376623376623,50.0,58.333333333333336,58.333333333333336,100.0,60.33057851239669,242.0,15.0,1.0
australian open,R32,2008,24.0,103.0,18.0,70.0,25.0,6.0,10.0,13.0,8.441558441558442,3.896103896103896,66.88311688311688,67.96116504854369,47.05882352941176,55.55555555555556,55.55555555555556,100.0,61.038961038961034,154.0,5.0,8.0
australian open,R32,2009,48.0,161.0,17.0,126.0,39.0,10.0,13.0,27.0,10.305343511450381,3.816793893129771,61.45038167938931,78.26086956521739,47.524752475247524,76.47058823529412,76.47058823529412,100.0,66.41221374045801,262.0,11.0,16.0
australian open,R32,2010,21.0,80.0,23.0,47.0,22.0,7.0,12.0,6.0,4.3478260869565215,5.072463768115942,57.971014492753625,58.75,36.206896551724135,52.17391304347826,52.17391304347826,100.0,49.275362318840585,138.0,3.0,3.0
australian open,R32,2011,6.0,40.0,7.0,25.0,8.0,1.0,3.0,3.0,5.0,1.6666666666666667,66.66666666666666,62.5,30.0,42.857142857142854,42.857142857142854,100.0,51.66666666666667,60.0,1.0,2.0
australian open,R32,2012,19.0,75.0,15.0,48.0,20.0,6.0,7.0,7.0,5.932203389830509,5.084745762711865,63.559322033898304,64.0,44.18604651162791,46.666666666666664,46.666666666666664,100.0,56.779661016949156,118.0,7.0,0.0
australian open,R32,2013,34.0,129.0,13.0,98.0,31.0,4.0,10.0,11.0,5.729166666666666,2.083333333333333,67.1875,75.96899224806202,53.96825396825397,76.92307692307693,76.92307692307693,100.0,68.75,192.0,7.0,4.0
australian open,R32,2014,31.0,105.0,9.0,78.0,30.0,2.0,3.0,11.0,6.707317073170732,1.2195121951219512,64.02439024390245,74.28571428571429,52.54237288135594,33.33333333333333,33.33333333333333,100.0,66.46341463414635,164.0,6.0,5.0
australian open,R32,2015,34.0,142.0,17.0,112.0,31.0,5.0,15.0,27.0,12.616822429906541,2.336448598130841,66.35514018691589,78.87323943661971,47.22222222222222,88.23529411764706,88.23529411764706,100.0,68.22429906542055,214.0,11.0,16.0
australian open,R32,2016,34.0,129.0,9.0,100.0,32.0,2.0,6.0,14.0,7.035175879396985,1.0050251256281406,64.82412060301507,77.51937984496125,48.57142857142857,66.66666666666666,66.66666666666666,100.0,67.33668341708542,199.0,9.0,5.0
australian open,R32,2018,36.0,112.0,18.0,78.0,26.0,6.0,13.0,5.0,2.73224043715847,3.278688524590164,61.20218579234973,69.64285714285714,50.70422535211267,72.22222222222221,72.22222222222221,100.0,62.295081967213115,183.0,2.0,3.0
australian open,R32,2019,37.0,116.0,18.0,84.0,35.0,9.0,7.0,11.0,5.555555555555555,4.545454545454546,58.58585858585859,72.41379310344827,45.1219512195122,38.88888888888889,38.88888888888889,100.0,61.111111111111114,198.0,5.0,6.0
australian open,R32,2020,23.0,89.0,7.0,72.0,25.0,6.0,2.0,18.0,13.23529411764706,4.411764705882353,65.44117647058823,80.89887640449437,48.93617021276596,28.57142857142857,28.57142857142857,100.0,69.85294117647058,136.0,17.0,1.0
australian open,R32,2021,60.0,203.0,21.0,148.0,49.0,6.0,14.0,39.0,12.5,1.9230769230769231,65.06410256410257,72.9064039408867,55.04587155963303,66.66666666666666,66.66666666666666,100.0,66.66666666666666,312.0,15.0,24.0
australian open,R32,2023,32.0,150.0,20.0,107.0,31.0,6.0,12.0,26.0,11.403508771929824,2.631578947368421,65.78947368421053,71.33333333333334,41.02564102564102,60.0,60.0,100.0,60.96491228070175,228.0,11.0,15.0
australian open,R32,2024,26.0,129.0,7.0,100.0,30.0,1.0,4.0,23.0,12.5,0.5434782608695652,70.1086956521739,77.51937984496125,47.27272727272727,57.14285714285714,57.14285714285714,100.0,68.47826086956522,184.0,10.0,13.0
australian open,R64,2007,30.0,112.0,20.0,75.0,27.0,7.0,13.0,13.0,7.386363636363637,3.977272727272727,63.63636363636363,66.96428571428571,46.875,65.0,65.0,100.0,59.65909090909091,176.0,8.0,5.0
australian open,R64,2008,29.0,83.0,10.0,53.0,23.0,5.0,4.0,17.0,12.408759124087592,3.64963503649635,60.58394160583942,63.85542168674698,53.70370370370371,40.0,40.0,100.0,59.854014598540154,137.0,12.0,5.0
australian open,R64,2009,25.0,106.0,8.0,71.0,28.0,1.0,1.0,10.0,6.666666666666667,0.6666666666666667,70.66666666666667,66.98113207547169,56.81818181818182,12.5,12.5,100.0,64.0,150.0,7.0,3.0
australian open,R64,2010,34.0,136.0,35.0,92.0,32.0,12.0,24.0,15.0,6.607929515418502,5.286343612334802,59.91189427312775,67.64705882352942,37.362637362637365,68.57142857142857,68.57142857142857,100.0,55.50660792951542,227.0,12.0,3.0
australian open,R64,2011,57.0,162.0,25.0,115.0,38.0,9.0,17.0,17.0,6.367041198501873,3.3707865168539324,60.67415730337079,70.98765432098766,54.285714285714285,68.0,68.0,100.0,64.41947565543072,267.0,9.0,8.0
australian open,R64,2012,30.0,74.0,15.0,53.0,24.0,5.0,7.0,12.0,8.695652173913043,3.6231884057971016,53.62318840579711,71.62162162162163,46.875,46.666666666666664,46.666666666666664,100.0,60.14492753623188,138.0,9.0,3.0
australian open,R64,2013,25.0,98.0,13.0,67.0,24.0,3.0,7.0,13.0,8.904109589041095,2.054794520547945,67.12328767123287,68.36734693877551,52.083333333333336,53.84615384615385,53.84615384615385,100.0,63.013698630136986,146.0,7.0,6.0
australian open,R64,2014,34.0,88.0,6.0,64.0,26.0,9.0,1.0,15.0,9.868421052631579,5.921052631578947,57.89473684210527,72.72727272727273,53.125,16.666666666666664,16.666666666666664,100.0,64.47368421052632,152.0,12.0,3.0
australian open,R64,2015,27.0,74.0,14.0,54.0,23.0,5.0,6.0,9.0,6.569343065693431,3.64963503649635,54.01459854014598,72.97297297297297,42.857142857142854,42.857142857142854,42.857142857142854,100.0,59.12408759124088,137.0,7.0,2.0
australian open,R64,2016,28.0,104.0,12.0,80.0,28.0,6.0,6.0,18.0,10.975609756097562,3.6585365853658534,63.41463414634146,76.92307692307693,46.666666666666664,50.0,50.0,100.0,65.85365853658537,164.0,9.0,9.0
australian open,R64,2017,70.0,241.0,29.0,171.0,54.0,12.0,19.0,31.0,8.179419525065963,3.16622691292876,63.58839050131926,70.95435684647303,50.72463768115942,65.51724137931035,65.51724137931035,100.0,63.58839050131926,379.0,17.0,14.0
australian open,R64,2018,40.0,137.0,23.0,94.0,35.0,26.0,13.0,10.0,4.329004329004329,11.255411255411255,59.307359307359306,68.61313868613139,42.5531914893617,56.52173913043478,56.52173913043478,100.0,58.00865800865801,231.0,5.0,5.0
australian open,R64,2019,37.0,111.0,14.0,81.0,31.0,2.0,7.0,22.0,12.290502793296088,1.1173184357541899,62.01117318435754,72.97297297297297,54.41176470588235,50.0,50.0,100.0,65.92178770949721,179.0,12.0,10.0
australian open,R64,2020,19.0,96.0,9.0,76.0,25.0,6.0,4.0,25.0,17.73049645390071,4.25531914893617,68.08510638297872,79.16666666666666,42.22222222222222,44.44444444444444,44.44444444444444,100.0,67.37588652482269,141.0,16.0,9.0
australian open,R64,2021,61.0,152.0,17.0,120.0,42.0,13.0,10.0,49.0,18.28358208955224,4.850746268656716,56.71641791044776,78.94736842105263,52.58620689655172,58.82352941176471,58.82352941176471,100.0,67.53731343283582,268.0,26.0,23.0
australian open,R64,2023,44.0,156.0,22.0,107.0,33.0,8.0,15.0,16.0,6.504065040650407,3.2520325203252036,63.41463414634146,68.58974358974359,48.888888888888886,68.18181818181817,68.18181818181817,100.0,61.382113821138205,246.0,9.0,7.0
australian open,R64,2024,54.0,137.0,18.0,107.0,40.0,4.0,13.0,28.0,12.173913043478262,1.7391304347826086,59.56521739130435,78.1021897810219,58.06451612903226,72.22222222222221,72.22222222222221,100.0,70.0,230.0,11.0,17.0
australian open,SF,2008,33.0,145.0,20.0,108.0,33.0,8.0,14.0,23.0,10.36036036036036,3.6036036036036037,65.31531531531532,74.48275862068967,42.857142857142854,70.0,70.0,100.0,63.51351351351351,222.0,13.0,10.0
australian open,SF,2011,36.0,148.0,24.0,108.0,34.0,5.0,16.0,11.0,4.782608695652174,2.1739130434782608,64.34782608695652,72.97297297297297,43.90243902439025,66.66666666666666,66.66666666666666,100.0,62.60869565217392,230.0,6.0,5.0
australian open,SF,2012,50.0,214.0,50.0,138.0,49.0,16.0,32.0,20.0,5.797101449275362,4.63768115942029,62.02898550724638,64.48598130841121,38.16793893129771,64.0,64.0,100.0,54.492753623188406,345.0,11.0,9.0
australian open,SF,2013,24.0,77.0,7.0,54.0,23.0,3.0,0.0,7.0,5.555555555555555,2.380952380952381,61.111111111111114,70.12987012987013,48.97959183673469,0.0,0.0,100.0,61.904761904761905,126.0,6.0,1.0
australian open,SF,2015,61.0,182.0,25.0,121.0,47.0,7.0,13.0,15.0,5.1194539249146755,2.3890784982935154,62.116040955631405,66.48351648351648,54.95495495495496,52.0,52.0,100.0,62.116040955631405,293.0,5.0,10.0
australian open,SF,2016,42.0,122.0,13.0,85.0,33.0,2.0,7.0,15.0,7.614213197969544,1.015228426395939,61.92893401015228,69.67213114754098,56.00000000000001,53.84615384615385,53.84615384615385,100.0,64.46700507614213,197.0,10.0,5.0
australian open,SF,2019,22.0,78.0,12.0,59.0,22.0,3.0,5.0,10.0,7.874015748031496,2.3622047244094486,61.417322834645674,75.64102564102564,44.89795918367347,41.66666666666667,41.66666666666667,100.0,63.77952755905512,127.0,6.0,4.0
australian open,SF,2020,30.0,142.0,18.0,99.0,31.0,4.0,12.0,26.0,12.62135922330097,1.9417475728155338,68.93203883495146,69.71830985915493,46.875,66.66666666666666,66.66666666666666,100.0,62.62135922330098,206.0,11.0,15.0
australian open,SF,2021,27.0,89.0,12.0,61.0,27.0,4.0,4.0,23.0,15.646258503401361,2.7210884353741496,60.544217687074834,68.53932584269663,46.55172413793103,33.33333333333333,33.33333333333333,100.0,59.863945578231295,147.0,17.0,6.0
australian open,SF,2023,35.0,98.0,20.0,64.0,27.0,5.0,11.0,16.0,9.523809523809524,2.976190476190476,58.333333333333336,65.3061224489796,50.0,55.00000000000001,55.00000000000001,100.0,58.92857142857143,168.0,12.0,4.0
australian open,SF,2024,46.0,143.0,11.0,106.0,36.0,5.0,6.0,16.0,7.079646017699115,2.2123893805309733,63.27433628318584,74.12587412587412,55.42168674698795,54.54545454545454,54.54545454545454,100.0,67.2566371681416,226.0,9.0,7.0
roland garros,F,2012,46.0,146.0,27.0,90.0,39.0,8.0,11.0,7.0,2.904564315352697,3.319502074688797,60.58091286307054,61.64383561643836,48.421052631578945,40.74074074074074,40.74074074074074,100.0,56.43153526970954,241.0,4.0,3.0
roland garros,F,2014,34.0,166.0,19.0,120.0,39.0,7.0,10.0,14.0,5.691056910569105,2.8455284552845526,67.47967479674797,72.28915662650603,42.5,52.63157894736842,52.63157894736842,100.0,62.601626016260155,246.0,3.0,11.0
roland garros,F,2015,45.0,167.0,25.0,116.0,39.0,3.0,19.0,15.0,5.905511811023622,1.1811023622047243,65.74803149606299,69.46107784431138,51.724137931034484,76.0,76.0,100.0,63.38582677165354,254.0,9.0,6.0
roland garros,F,2016,42.0,131.0,24.0,83.0,34.0,6.0,14.0,9.0,4.10958904109589,2.73972602739726,59.817351598173516,63.358778625954194,47.72727272727273,58.333333333333336,58.333333333333336,100.0,57.077625570776256,219.0,4.0,5.0
roland garros,F,2020,35.0,121.0,23.0,70.0,26.0,5.0,15.0,5.0,2.73224043715847,2.73224043715847,66.12021857923497,57.85123966942148,56.451612903225815,65.21739130434783,65.21739130434783,100.0,57.377049180327866,183.0,4.0,1.0
roland garros,F,2021,57.0,200.0,24.0,144.0,47.0,7.0,16.0,19.0,6.109324758842444,2.2508038585209005,64.30868167202573,72.0,51.35135135135135,66.66666666666666,66.66666666666666,100.0,64.63022508038586,311.0,5.0,14.0
roland garros,F,2023,42.0,142.0,14.0,98.0,33.0,2.0,10.0,15.0,7.246376811594203,0.966183574879227,68.59903381642512,69.01408450704226,64.61538461538461,71.42857142857143,71.42857142857143,100.0,67.6328502415459,207.0,11.0,4.0
roland garros,QF,2006,11.0,96.0,13.0,57.0,20.0,3.0,5.0,5.0,3.968253968253968,2.380952380952381,76.19047619047619,59.375,36.666666666666664,38.46153846153847,38.46153846153847,100.0,53.96825396825397,126.0,3.0,2.0
roland garros,QF,2007,29.0,123.0,16.0,82.0,27.0,6.0,10.0,5.0,2.73224043715847,3.278688524590164,67.21311475409836,66.66666666666666,48.333333333333336,62.5,62.5,100.0,60.65573770491803,183.0,3.0,2.0
roland garros,QF,2008,48.0,167.0,22.0,116.0,36.0,8.0,16.0,18.0,6.844106463878327,3.041825095057034,63.49809885931559,69.46107784431138,50.0,72.72727272727273,72.72727272727273,100.0,62.3574144486692,263.0,6.0,12.0
roland garros,QF,2010,73.0,200.0,32.0,137.0,47.0,15.0,24.0,13.0,3.8011695906432745,4.385964912280701,58.47953216374269,68.5,51.40845070422535,75.0,75.0,100.0,61.40350877192983,342.0,9.0,4.0
roland garros,QF,2011,0.0,0.0,0.0,0.0,0.0,0.0,0.0,0.0,,,,,,,,,,0.0,0.0,0.0
roland garros,QF,2012,50.0,220.0,24.0,150.0,50.0,5.0,14.0,13.0,4.0,1.5384615384615385,67.6923076923077,68.18181818181817,47.61904761904761,58.333333333333336,58.333333333333336,100.0,61.53846153846154,325.0,7.0,6.0
roland garros,QF,2013,43.0,123.0,14.0,89.0,33.0,5.0,7.0,15.0,7.5,2.5,61.5,72.35772357723577,55.84415584415584,50.0,50.0,100.0,66.0,200.0,11.0,4.0
roland garros,QF,2014,33.0,147.0,11.0,113.0,34.0,5.0,7.0,25.0,11.79245283018868,2.358490566037736,69.33962264150944,76.87074829931973,50.76923076923077,63.63636363636363,63.63636363636363,100.0,68.86792452830188,212.0,4.0,21.0
roland garros,QF,2015,32.0,106.0,23.0,71.0,28.0,2.0,14.0,6.0,3.4682080924855487,1.1560693641618496,61.27167630057804,66.98113207547169,47.76119402985074,60.86956521739131,60.86956521739131,100.0,59.53757225433526,173.0,3.0,3.0
roland garros,QF,2016,34.0,95.0,14.0,66.0,30.0,4.0,6.0,4.0,2.4691358024691357,2.4691358024691357,58.64197530864198,69.47368421052632,50.74626865671642,42.857142857142854,42.857142857142854,100.0,61.72839506172839,162.0,0.0,4.0
roland garros,QF,2017,32.0,117.0,21.0,75.0,27.0,6.0,13.0,4.0,2.1505376344086025,3.225806451612903,62.903225806451616,64.1025641025641,46.3768115942029,61.904761904761905,61.904761904761905,100.0,57.52688172043011,186.0,2.0,2.0
roland garros,QF,2018,41.0,204.0,27.0,130.0,40.0,7.0,17.0,11.0,3.873239436619718,2.464788732394366,71.83098591549296,63.725490196078425,51.24999999999999,62.96296296296296,62.96296296296296,100.0,60.2112676056338,284.0,6.0,5.0
roland garros,QF,2019,25.0,113.0,19.0,82.0,28.0,12.0,12.0,11.0,6.470588235294119,7.0588235294117645,66.47058823529412,72.56637168141593,43.859649122807014,63.1578947368421,63.1578947368421,100.0,62.94117647058823,170.0,1.0,10.0
roland garros,QF,2020,45.0,152.0,26.0,103.0,37.0,8.0,17.0,5.0,2.05761316872428,3.292181069958848,62.55144032921811,67.76315789473685,49.45054945054945,65.38461538461539,65.38461538461539,100.0,60.90534979423868,243.0,2.0,3.0
roland garros,QF,2021,47.0,186.0,12.0,138.0,41.0,4.0,8.0,21.0,7.608695652173914,1.4492753623188406,67.3913043478261,74.19354838709677,52.22222222222223,66.66666666666666,66.66666666666666,100.0,67.02898550724638,276.0,10.0,11.0
roland garros,QF,2022,42.0,196.0,29.0,126.0,38.0,8.0,18.0,8.0,2.877697841726619,2.877697841726619,70.50359712230215,64.28571428571429,51.21951219512195,62.06896551724138,62.06896551724138,100.0,60.431654676258994,278.0,3.0,5.0
roland garros,QF,2023,62.0,153.0,18.0,109.0,40.0,9.0,12.0,18.0,6.7924528301886795,3.3962264150943398,57.73584905660377,71.24183006535948,55.35714285714286,66.66666666666666,66.66666666666666,100.0,64.52830188679245,265.0,11.0,7.0
roland garros,QF,2024,0.0,0.0,0.0,0.0,0.0,0.0,0.0,0.0,,,,,,,,,,0.0,0.0,0.0
roland garros,R128,2005,23.0,84.0,18.0,51.0,21.0,6.0,8.0,10.0,7.246376811594203,4.3478260869565215,60.86956521739131,60.71428571428571,42.592592592592595,44.44444444444444,44.44444444444444,100.0,53.62318840579711,138.0,6.0,4.0
roland garros,R128,2006,15.0,62.0,8.0,41.0,14.0,3.0,4.0,7.0,7.865168539325842,3.3707865168539324,69.66292134831461,66.12903225806451,55.55555555555556,50.0,50.0,100.0,62.92134831460674,89.0,6.0,1.0
roland garros,R128,2007,33.0,139.0,22.0,94.0,31.0,8.0,16.0,12.0,5.660377358490567,3.7735849056603774,65.56603773584906,67.62589928057554,45.20547945205479,72.72727272727273,72.72727272727273,100.0,59.905660377358494,212.0,7.0,5.0
roland garros,R128,2008,51.0,121.0,19.0,80.0,39.0,8.0,8.0,8.0,3.7735849056603774,3.7735849056603774,57.07547169811321,66.11570247933885,56.043956043956044,42.10526315789473,42.10526315789473,100.0,61.79245283018868,212.0,5.0,3.0
roland garros,R128,2009,17.0,66.0,7.0,46.0,13.0,1.0,5.0,1.0,1.0,1.0,66.0,69.6969696969697,50.0,71.42857142857143,71.42857142857143,100.0,63.0,100.0,1.0,0.0
roland garros,R128,2010,38.0,107.0,18.0,77.0,32.0,8.0,9.0,11.0,5.7894736842105265,4.2105263157894735,56.315789473684205,71.96261682242991,45.78313253012048,50.0,50.0,100.0,60.526315789473685,190.0,7.0,4.0
roland garros,R128,2011,20.0,99.0,17.0,71.0,24.0,5.0,11.0,5.0,3.597122302158273,3.597122302158273,71.22302158273382,71.71717171717171,50.0,64.70588235294117,64.70588235294117,100.0,65.46762589928058,139.0,0.0,5.0
roland garros,R128,2012,25.0,140.0,15.0,97.0,28.0,0.0,11.0,10.0,5.405405405405405,0.0,75.67567567567568,69.28571428571428,55.55555555555556,73.33333333333333,73.33333333333333,100.0,65.94594594594595,185.0,6.0,4.0
roland garros,R128,2013,45.0,138.0,13.0,99.0,34.0,2.0,9.0,12.0,5.633802816901409,0.9389671361502347,64.7887323943662,71.73913043478261,60.0,69.23076923076923,69.23076923076923,100.0,67.6056338028169,213.0,5.0,7.0
roland garros,R128,2014,22.0,110.0,25.0,70.0,25.0,5.0,14.0,9.0,5.294117647058823,2.941176470588235,64.70588235294117,63.63636363636363,36.666666666666664,56.00000000000001,56.00000000000001,100.0,54.11764705882353,170.0,9.0,0.0
roland garros,R128,2015,28.0,117.0,19.0,83.0,28.0,1.0,12.0,8.0,4.395604395604396,0.5494505494505495,64.28571428571429,70.94017094017094,43.07692307692308,63.1578947368421,63.1578947368421,100.0,60.98901098901099,182.0,6.0,2.0
roland garros,R128,2016,25.0,103.0,15.0,62.0,24.0,5.0,7.0,3.0,2.027027027027027,3.3783783783783785,69.5945945945946,60.19417475728155,55.55555555555556,46.666666666666664,46.666666666666664,100.0,58.78378378378378,148.0,1.0,2.0
roland garros,R128,2017,34.0,114.0,30.0,69.0,27.0,1.0,18.0,10.0,5.291005291005291,0.5291005291005291,60.317460317460316,60.526315789473685,45.33333333333333,60.0,60.0,100.0,54.4973544973545,189.0,5.0,5.0
roland garros,R128,2018,24.0,130.0,18.0,85.0,29.0,6.0,9.0,10.0,5.376344086021505,3.225806451612903,69.89247311827957,65.38461538461539,42.857142857142854,50.0,50.0,100.0,58.602150537634415,186.0,6.0,4.0
roland garros,R128,2019,26.0,88.0,11.0,62.0,26.0,3.0,4.0,14.0,10.218978102189782,2.18978102189781,64.23357664233576,70.45454545454545,53.06122448979592,36.36363636363637,36.36363636363637,100.0,64.23357664233576,137.0,6.0,8.0
roland garros,R128,2020,22.0,83.0,13.0,46.0,23.0,7.0,2.0,4.0,3.076923076923077,5.384615384615385,63.84615384615384,55.42168674698795,46.808510638297875,15.384615384615385,15.384615384615385,100.0,52.307692307692314,130.0,2.0,2.0
roland garros,R128,2021,33.0,105.0,17.0,72.0,26.0,3.0,12.0,9.0,5.389221556886228,1.7964071856287425,62.874251497005986,68.57142857142857,53.2258064516129,70.58823529411765,70.58823529411765,100.0,62.874251497005986,167.0,4.0,5.0
roland garros,R128,2022,21.0,110.0,24.0,68.0,22.0,3.0,15.0,15.0,9.090909090909092,1.8181818181818181,66.66666666666666,61.81818181818181,38.18181818181819,62.5,62.5,100.0,53.939393939393945,165.0,9.0,6.0
roland garros,R128,2023,43.0,100.0,17.0,74.0,29.0,5.0,10.0,17.0,9.18918918918919,2.7027027027027026,54.054054054054056,74.0,50.588235294117645,58.82352941176471,58.82352941176471,100.0,63.24324324324324,185.0,10.0,7.0
roland garros,R128,2024,35.0,125.0,8.0,96.0,32.0,8.0,4.0,11.0,5.978260869565218,4.3478260869565215,67.93478260869566,76.8,59.32203389830508,50.0,50.0,100.0,71.19565217391305,184.0,4.0,7.0
roland garros,R16,2006,57.0,107.0,15.0,79.0,33.0,7.0,8.0,13.0,6.435643564356436,3.4653465346534658,52.97029702970298,73.83177570093457,60.0,53.333333333333336,53.333333333333336,100.0,67.32673267326733,202.0,7.0,6.0
roland garros,R16,2007,31.0,167.0,26.0,110.0,30.0,3.0,21.0,12.0,5.240174672489083,1.3100436681222707,72.92576419213974,65.86826347305389,50.0,80.76923076923077,80.76923076923077,100.0,61.572052401746724,229.0,9.0,3.0
roland garros,R16,2008,29.0,117.0,20.0,90.0,29.0,5.0,14.0,22.0,11.702127659574469,2.6595744680851063,62.23404255319149,76.92307692307693,40.845070422535215,70.0,70.0,100.0,63.297872340425535,188.0,14.0,8.0
roland garros,R16,2010,28.0,140.0,17.0,96.0,33.0,2.0,10.0,5.0,2.5510204081632653,1.0204081632653061,71.42857142857143,68.57142857142857,50.0,58.82352941176471,58.82352941176471,100.0,63.26530612244898,196.0,2.0,3.0
roland garros,R16,2011,29.0,102.0,11.0,79.0,28.0,2.0,7.0,14.0,8.974358974358974,1.282051282051282,65.38461538461539,77.45098039215686,53.70370370370371,63.63636363636363,63.63636363636363,100.0,69.23076923076923,156.0,8.0,6.0
roland garros,R16,2012,83.0,204.0,32.0,127.0,52.0,6.0,17.0,11.0,3.1428571428571432,1.7142857142857144,58.285714285714285,62.254901960784316,56.849315068493155,53.125,53.125,100.0,60.0,350.0,5.0,6.0
roland garros,R16,2013,51.0,169.0,21.0,119.0,39.0,5.0,15.0,6.0,2.3346303501945527,1.9455252918287937,65.75875486381322,70.41420118343196,57.95454545454546,71.42857142857143,71.42857142857143,100.0,66.14785992217898,257.0,2.0,4.0
roland garros,R16,2014,28.0,84.0,11.0,53.0,24.0,3.0,3.0,6.0,4.37956204379562,2.18978102189781,61.31386861313869,63.095238095238095,52.83018867924528,27.27272727272727,27.27272727272727,100.0,59.12408759124088,137.0,1.0,5.0
roland garros,R16,2015,23.0,116.0,32.0,77.0,24.0,1.0,24.0,8.0,4.597701149425287,0.5747126436781609,66.66666666666666,66.37931034482759,39.6551724137931,75.0,75.0,100.0,57.47126436781609,174.0,4.0,4.0
roland garros,R16,2016,34.0,184.0,33.0,108.0,38.0,7.0,18.0,3.0,1.1627906976744187,2.7131782945736433,71.31782945736434,58.69565217391305,45.94594594594595,54.54545454545454,54.54545454545454,100.0,55.03875968992248,258.0,2.0,1.0
roland garros,R16,2017,34.0,125.0,18.0,78.0,28.0,2.0,8.0,6.0,3.0303030303030303,1.0101010101010102,63.13131313131313,62.4,46.57534246575342,44.44444444444444,44.44444444444444,100.0,56.56565656565656,198.0,3.0,3.0
roland garros,R16,2018,36.0,136.0,15.0,81.0,27.0,2.0,9.0,6.0,3.076923076923077,1.0256410256410255,69.74358974358974,59.55882352941176,61.016949152542374,60.0,60.0,100.0,60.0,195.0,3.0,3.0
roland garros,R16,2019,32.0,79.0,8.0,63.0,25.0,6.0,3.0,10.0,7.194244604316546,4.316546762589928,56.83453237410072,79.74683544303798,53.333333333333336,37.5,37.5,100.0,68.34532374100719,139.0,6.0,4.0
roland garros,R16,2020,35.0,134.0,24.0,82.0,28.0,5.0,16.0,7.0,3.5000000000000004,2.5,67.0,61.19402985074627,53.03030303030303,66.66666666666666,66.66666666666666,100.0,58.5,200.0,2.0,5.0
roland garros,R16,2021,45.0,168.0,13.0,108.0,41.0,4.0,2.0,12.0,4.743083003952568,1.5810276679841897,66.40316205533597,64.28571428571429,52.94117647058824,15.384615384615385,15.384615384615385,100.0,60.47430830039525,253.0,11.0,1.0
roland garros,R16,2022,22.0,125.0,19.0,74.0,25.0,6.0,12.0,4.0,2.4242424242424243,3.6363636363636362,75.75757575757575,59.199999999999996,55.00000000000001,63.1578947368421,63.1578947368421,100.0,58.18181818181818,165.0,3.0,1.0
roland garros,R16,2023,16.0,103.0,15.0,72.0,25.0,3.0,8.0,10.0,7.042253521126761,2.112676056338028,72.53521126760563,69.90291262135922,41.02564102564102,53.333333333333336,53.333333333333336,100.0,61.97183098591549,142.0,7.0,3.0
roland garros,R16,2024,62.0,218.0,30.0,143.0,49.0,4.0,20.0,9.0,2.735562310030395,1.21580547112462,66.26139817629179,65.59633027522935,55.85585585585585,66.66666666666666,66.66666666666666,100.0,62.31003039513677,329.0,6.0,3.0
roland garros,R32,2006,35.0,117.0,16.0,83.0,31.0,5.0,8.0,11.0,6.077348066298343,2.7624309392265194,64.64088397790056,70.94017094017094,54.6875,50.0,50.0,100.0,65.19337016574586,181.0,6.0,5.0
roland garros,R32,2007,86.0,190.0,28.0,134.0,50.0,9.0,21.0,19.0,5.757575757575758,2.727272727272727,57.57575757575758,70.52631578947368,61.42857142857143,75.0,75.0,100.0,66.66666666666666,330.0,11.0,8.0
roland garros,R32,2008,39.0,121.0,18.0,79.0,30.0,3.0,8.0,20.0,9.803921568627452,1.4705882352941175,59.31372549019608,65.28925619834712,46.98795180722892,44.44444444444444,44.44444444444444,100.0,57.84313725490197,204.0,10.0,10.0
roland garros,R32,2009,34.0,123.0,16.0,80.0,30.0,4.0,9.0,4.0,2.127659574468085,2.127659574468085,65.42553191489363,65.04065040650406,52.307692307692314,56.25,56.25,100.0,60.63829787234043,188.0,1.0,3.0
roland garros,R32,2010,32.0,152.0,21.0,101.0,35.0,9.0,10.0,7.0,3.211009174311927,4.128440366972478,69.72477064220183,66.44736842105263,48.484848484848484,47.61904761904761,47.61904761904761,100.0,61.00917431192661,218.0,2.0,5.0
roland garros,R32,2011,46.0,123.0,17.0,87.0,35.0,5.0,10.0,11.0,5.263157894736842,2.3923444976076556,58.85167464114832,70.73170731707317,53.48837209302325,58.82352941176471,58.82352941176471,100.0,63.63636363636363,209.0,6.0,5.0
roland garros,R32,2012,26.0,91.0,14.0,60.0,23.0,2.0,6.0,8.0,5.405405405405405,1.3513513513513513,61.48648648648649,65.93406593406593,45.614035087719294,42.857142857142854,42.857142857142854,100.0,58.108108108108105,148.0,3.0,5.0
roland garros,R32,2013,22.0,106.0,21.0,72.0,25.0,2.0,13.0,2.0,1.2903225806451613,1.2903225806451613,68.38709677419355,67.9245283018868,44.89795918367347,61.904761904761905,61.904761904761905,100.0,60.64516129032258,155.0,2.0,0.0
roland garros,R32,2014,56.0,158.0,33.0,110.0,39.0,8.0,23.0,10.0,3.6363636363636362,2.909090909090909,57.45454545454546,69.62025316455697,47.863247863247864,69.6969696969697,69.6969696969697,100.0,60.36363636363637,275.0,5.0,5.0
roland garros,R32,2015,26.0,114.0,8.0,90.0,30.0,3.0,5.0,12.0,7.643312101910828,1.910828025477707,72.61146496815286,78.94736842105263,60.46511627906976,62.5,62.5,100.0,73.88535031847134,157.0,4.0,8.0
roland garros,R32,2016,23.0,124.0,24.0,82.0,26.0,2.0,15.0,13.0,7.027027027027027,1.0810810810810811,67.02702702702703,66.12903225806451,37.704918032786885,62.5,62.5,100.0,56.75675675675676,185.0,5.0,8.0
roland garros,R32,2017,43.0,172.0,28.0,119.0,44.0,6.0,16.0,11.0,4.119850187265917,2.247191011235955,64.41947565543072,69.18604651162791,45.26315789473684,57.14285714285714,57.14285714285714,100.0,60.67415730337079,267.0,7.0,4.0
roland garros,R32,2018,51.0,171.0,26.0,116.0,42.0,5.0,13.0,13.0,4.642857142857143,1.7857142857142856,61.07142857142858,67.83625730994152,46.788990825688074,50.0,50.0,100.0,59.64285714285714,280.0,10.0,3.0
roland garros,R32,2019,23.0,108.0,16.0,76.0,26.0,2.0,11.0,8.0,5.128205128205128,1.282051282051282,69.23076923076923,70.37037037037037,47.91666666666667,68.75,68.75,100.0,63.46153846153846,156.0,8.0,0.0
roland garros,R32,2020,26.0,108.0,16.0,68.0,23.0,4.0,9.0,6.0,3.571428571428571,2.380952380952381,64.28571428571429,62.96296296296296,43.333333333333336,56.25,56.25,100.0,55.952380952380956,168.0,2.0,4.0
roland garros,R32,2021,20.0,95.0,9.0,68.0,24.0,6.0,3.0,6.0,4.225352112676056,4.225352112676056,66.90140845070422,71.57894736842105,42.5531914893617,33.33333333333333,33.33333333333333,100.0,61.97183098591549,142.0,5.0,1.0
roland garros,R32,2022,24.0,104.0,12.0,76.0,26.0,3.0,7.0,13.0,8.724832214765101,2.013422818791946,69.79865771812081,73.07692307692307,53.333333333333336,58.333333333333336,58.333333333333336,100.0,67.11409395973155,149.0,9.0,4.0
roland garros,R32,2023,35.0,155.0,25.0,89.0,32.0,8.0,13.0,4.0,1.7094017094017095,3.418803418803419,66.23931623931624,57.41935483870968,44.303797468354425,52.0,52.0,100.0,52.991452991452995,234.0,1.0,3.0
roland garros,R32,2024,52.0,178.0,20.0,115.0,47.0,4.0,6.0,6.0,2.112676056338028,1.4084507042253522,62.676056338028175,64.60674157303372,49.056603773584904,30.0,30.0,100.0,58.80281690140845,284.0,5.0,1.0
roland garros,R64,2005,27.0,101.0,23.0,60.0,23.0,10.0,13.0,3.0,1.8292682926829267,6.097560975609756,61.58536585365854,59.4059405940594,42.857142857142854,56.52173913043478,56.52173913043478,100.0,53.04878048780488,164.0,0.0,3.0
roland garros,R64,2006,44.0,178.0,25.0,128.0,43.0,5.0,16.0,15.0,5.617977528089887,1.8726591760299627,66.66666666666666,71.91011235955057,49.43820224719101,64.0,64.0,100.0,64.41947565543072,267.0,6.0,9.0
roland garros,R64,2007,41.0,126.0,15.0,87.0,34.0,1.0,7.0,5.0,2.3923444976076556,0.4784688995215311,60.28708133971292,69.04761904761905,49.39759036144578,46.666666666666664,46.666666666666664,100.0,61.24401913875598,209.0,5.0,0.0
roland garros,R64,2008,21.0,91.0,10.0,62.0,23.0,4.0,4.0,9.0,6.569343065693431,2.9197080291970803,66.42335766423358,68.13186813186813,45.65217391304348,40.0,40.0,100.0,60.58394160583942,137.0,3.0,6.0
roland garros,R64,2009,31.0,115.0,23.0,74.0,26.0,5.0,14.0,11.0,5.978260869565218,2.717391304347826,62.5,64.34782608695652,44.927536231884055,60.86956521739131,60.86956521739131,100.0,57.065217391304344,184.0,5.0,6.0
roland garros,R64,2010,32.0,131.0,23.0,85.0,27.0,10.0,15.0,4.0,1.8867924528301887,4.716981132075472,61.79245283018868,64.8854961832061,39.50617283950617,65.21739130434783,65.21739130434783,100.0,55.188679245283026,212.0,3.0,1.0
roland garros,R64,2011,26.0,86.0,8.0,64.0,22.0,0.0,5.0,5.0,3.90625,0.0,67.1875,74.4186046511628,61.904761904761905,62.5,62.5,100.0,70.3125,128.0,2.0,3.0
roland garros,R64,2012,33.0,110.0,18.0,71.0,26.0,4.0,11.0,5.0,2.976190476190476,2.380952380952381,65.47619047619048,64.54545454545455,56.896551724137936,61.111111111111114,61.111111111111114,100.0,61.904761904761905,168.0,5.0,0.0
roland garros,R64,2013,22.0,96.0,17.0,64.0,22.0,6.0,10.0,2.0,1.3245033112582782,3.9735099337748347,63.576158940397356,66.66666666666666,40.0,58.82352941176471,58.82352941176471,100.0,56.95364238410596,151.0,1.0,1.0
roland garros,R64,2014,27.0,87.0,13.0,58.0,25.0,4.0,4.0,5.0,3.4482758620689653,2.7586206896551726,60.0,66.66666666666666,46.55172413793103,30.76923076923077,30.76923076923077,100.0,58.620689655172406,145.0,2.0,3.0
roland garros,R64,2015,31.0,96.0,16.0,73.0,27.0,7.0,10.0,7.0,4.430379746835443,4.430379746835443,60.75949367088608,76.04166666666666,50.0,62.5,62.5,100.0,65.82278481012658,158.0,3.0,4.0
roland garros,R64,2016,42.0,124.0,16.0,81.0,31.0,9.0,9.0,7.0,3.4482758620689653,4.433497536945813,61.083743842364534,65.32258064516128,53.16455696202531,56.25,56.25,100.0,60.591133004926114,203.0,4.0,3.0
roland garros,R64,2017,33.0,97.0,19.0,69.0,26.0,3.0,12.0,4.0,2.3391812865497075,1.7543859649122806,56.72514619883041,71.1340206185567,44.5945945945946,63.1578947368421,63.1578947368421,100.0,59.64912280701754,171.0,2.0,2.0
roland garros,R64,2018,34.0,127.0,14.0,87.0,32.0,8.0,6.0,6.0,3.1088082901554404,4.145077720207254,65.80310880829016,68.50393700787401,51.515151515151516,42.857142857142854,42.857142857142854,100.0,62.69430051813472,193.0,3.0,3.0
roland garros,R64,2019,25.0,94.0,11.0,68.0,26.0,3.0,4.0,10.0,6.756756756756757,2.027027027027027,63.51351351351351,72.3404255319149,46.2962962962963,36.36363636363637,36.36363636363637,100.0,62.83783783783784,148.0,4.0,6.0
roland garros,R64,2020,19.0,78.0,9.0,56.0,23.0,2.0,3.0,10.0,8.403361344537815,1.680672268907563,65.54621848739495,71.7948717948718,46.34146341463415,33.33333333333333,33.33333333333333,100.0,63.02521008403361,119.0,10.0,0.0
roland garros,R64,2021,28.0,111.0,17.0,78.0,27.0,6.0,11.0,15.0,8.928571428571429,3.571428571428571,66.07142857142857,70.27027027027027,49.122807017543856,64.70588235294117,64.70588235294117,100.0,63.095238095238095,168.0,10.0,5.0
roland garros,R64,2022,27.0,127.0,10.0,92.0,29.0,2.0,5.0,14.0,7.6923076923076925,1.098901098901099,69.78021978021978,72.44094488188976,49.09090909090909,50.0,50.0,100.0,65.38461538461539,182.0,10.0,4.0
roland garros,R64,2023,37.0,122.0,24.0,70.0,18.0,9.0,13.0,3.0,1.5151515151515151,4.545454545454546,61.61616161616161,57.377049180327866,48.68421052631579,54.166666666666664,54.166666666666664,100.0,54.04040404040404,198.0,2.0,1.0
roland garros,R64,2024,28.0,94.0,15.0,56.0,25.0,4.0,6.0,7.0,4.635761589403973,2.6490066225165565,62.251655629139066,59.57446808510638,49.122807017543856,40.0,40.0,100.0,55.62913907284768,151.0,5.0,2.0
roland garros,SF,2007,25.0,129.0,15.0,84.0,30.0,2.0,7.0,6.0,3.314917127071823,1.1049723756906076,71.27071823204419,65.11627906976744,48.07692307692308,46.666666666666664,46.666666666666664,100.0,60.22099447513812,181.0,3.0,3.0
roland garros,SF,2008,46.0,125.0,20.0,78.0,30.0,1.0,13.0,2.0,1.0101010101010102,0.5050505050505051,63.13131313131313,62.4,63.013698630136986,65.0,65.0,100.0,62.62626262626263,198.0,0.0,2.0
roland garros,SF,2011,59.0,203.0,38.0,137.0,42.0,4.0,30.0,25.0,8.090614886731391,1.2944983818770228,65.69579288025889,67.48768472906403,55.660377358490564,78.94736842105263,78.94736842105263,100.0,63.43042071197411,309.0,18.0,7.0
roland garros,SF,2012,31.0,110.0,18.0,72.0,31.0,5.0,7.0,15.0,8.47457627118644,2.824858757062147,62.14689265536724,65.45454545454545,46.26865671641791,38.88888888888889,38.88888888888889,100.0,58.19209039548022,177.0,6.0,9.0
roland garros,SF,2013,65.0,220.0,25.0,149.0,54.0,5.0,12.0,11.0,3.2835820895522385,1.4925373134328357,65.67164179104478,67.72727272727272,56.52173913043478,48.0,48.0,100.0,63.88059701492538,335.0,6.0,5.0
roland garros,SF,2014,40.0,134.0,17.0,101.0,36.0,6.0,10.0,22.0,10.185185185185185,2.7777777777777777,62.03703703703704,75.3731343283582,48.78048780487805,58.82352941176471,58.82352941176471,100.0,65.27777777777779,216.0,9.0,13.0
roland garros,SF,2015,57.0,196.0,23.0,130.0,49.0,3.0,14.0,20.0,6.896551724137931,1.0344827586206897,67.58620689655173,66.3265306122449,60.63829787234043,60.86956521739131,60.86956521739131,100.0,64.48275862068965,290.0,8.0,12.0
roland garros,SF,2016,31.0,100.0,17.0,63.0,25.0,4.0,10.0,4.0,2.564102564102564,2.564102564102564,64.1025641025641,63.0,55.35714285714286,58.82352941176471,58.82352941176471,100.0,60.256410256410255,156.0,2.0,2.0
roland garros,SF,2019,48.0,236.0,34.0,150.0,53.0,8.0,18.0,10.0,3.067484662576687,2.4539877300613497,72.39263803680981,63.559322033898304,53.333333333333336,52.94117647058824,52.94117647058824,100.0,60.73619631901841,326.0,4.0,6.0
roland garros,SF,2020,51.0,215.0,37.0,141.0,46.0,11.0,25.0,12.0,3.7383177570093453,3.4267912772585665,66.97819314641744,65.58139534883722,48.113207547169814,67.56756756756756,67.56756756756756,100.0,59.813084112149525,321.0,5.0,7.0
roland garros,SF,2021,43.0,171.0,38.0,106.0,38.0,11.0,24.0,12.0,4.511278195488721,4.135338345864661,64.28571428571429,61.98830409356725,45.26315789473684,63.1578947368421,63.1578947368421,100.0,56.015037593984964,266.0,6.0,6.0
roland garros,SF,2023,30.0,162.0,24.0,103.0,35.0,5.0,15.0,11.0,4.824561403508771,2.1929824561403506,71.05263157894737,63.580246913580254,45.45454545454545,62.5,62.5,100.0,58.333333333333336,228.0,8.0,3.0
us open,F,2007,54.0,130.0,14.0,97.0,34.0,11.0,9.0,16.0,7.207207207207207,4.954954954954955,58.55855855855856,74.61538461538461,58.69565217391305,64.28571428571429,64.28571428571429,100.0,68.01801801801803,222.0,11.0,5.0
us open,F,2010,43.0,169.0,29.0,116.0,40.0,6.0,21.0,13.0,5.098039215686274,2.3529411764705883,66.27450980392156,68.63905325443787,50.0,72.41379310344827,72.41379310344827,100.0,62.35294117647059,255.0,8.0,5.0
us open,F,2011,38.0,180.0,41.0,105.0,37.0,4.0,23.0,9.0,3.3582089552238807,1.4925373134328357,67.16417910447761,58.333333333333336,43.18181818181818,56.09756097560976,56.09756097560976,100.0,53.35820895522389,268.0,7.0,2.0
us open,F,2012,50.0,202.0,33.0,127.0,49.0,9.0,17.0,12.0,3.8095238095238098,2.857142857142857,64.12698412698413,62.87128712871287,44.24778761061947,51.515151515151516,51.515151515151516,100.0,56.19047619047619,315.0,5.0,7.0
us open,F,2013,40.0,147.0,22.0,91.0,34.0,3.0,13.0,7.0,3.1390134529147984,1.345291479820628,65.91928251121077,61.904761904761905,52.63157894736842,59.09090909090909,59.09090909090909,100.0,58.744394618834086,223.0,1.0,6.0
us open,F,2015,55.0,183.0,36.0,125.0,42.0,10.0,26.0,14.0,4.794520547945205,3.4246575342465753,62.671232876712324,68.30601092896174,50.45871559633027,72.22222222222221,72.22222222222221,100.0,61.64383561643836,292.0,3.0,11.0
us open,F,2016,69.0,155.0,27.0,114.0,43.0,10.0,18.0,15.0,5.2264808362369335,3.484320557491289,54.00696864111498,73.54838709677419,52.27272727272727,66.66666666666666,66.66666666666666,100.0,63.76306620209059,287.0,9.0,6.0
us open,F,2018,42.0,131.0,13.0,88.0,31.0,3.0,7.0,7.0,3.3816425120772946,1.4492753623188406,63.28502415458937,67.17557251908397,55.26315789473685,53.84615384615385,53.84615384615385,100.0,62.80193236714976,207.0,1.0,6.0
us open,F,2021,39.0,102.0,14.0,82.0,30.0,12.0,9.0,22.0,12.087912087912088,6.593406593406594,56.043956043956044,80.3921568627451,48.75,64.28571428571429,64.28571428571429,100.0,66.48351648351648,182.0,16.0,6.0
us open,F,2023,41.0,128.0,9.0,97.0,31.0,12.0,5.0,10.0,4.651162790697675,5.5813953488372094,59.53488372093023,75.78125,47.12643678160919,55.55555555555556,55.55555555555556,100.0,64.18604651162791,215.0,4.0,6.0
us open,QF,2007,35.0,122.0,20.0,90.0,29.0,9.0,14.0,11.0,5.583756345177665,4.568527918781726,61.92893401015228,73.77049180327869,46.666666666666664,70.0,70.0,100.0,63.45177664974619,197.0,9.0,2.0
us open,QF,2008,44.0,150.0,15.0,106.0,38.0,9.0,7.0,29.0,12.946428571428573,4.017857142857143,66.96428571428571,70.66666666666667,59.45945945945946,46.666666666666664,46.666666666666664,100.0,66.96428571428571,224.0,15.0,14.0
us open,QF,2009,49.0,161.0,26.0,113.0,39.0,12.0,18.0,14.0,5.384615384615385,4.615384615384616,61.92307692307693,70.1863354037267,49.494949494949495,69.23076923076923,69.23076923076923,100.0,62.30769230769231,260.0,9.0,5.0
us open,QF,2010,33.0,135.0,31.0,83.0,27.0,10.0,22.0,4.0,1.9138755980861244,4.784688995215311,64.5933014354067,61.48148148148148,44.5945945945946,70.96774193548387,70.96774193548387,100.0,55.50239234449761,209.0,1.0,3.0
us open,QF,2011,30.0,153.0,26.0,99.0,34.0,7.0,14.0,18.0,7.6923076923076925,2.9914529914529915,65.38461538461539,64.70588235294117,37.03703703703704,53.84615384615385,53.84615384615385,100.0,55.12820512820513,234.0,8.0,10.0
us open,QF,2012,39.0,128.0,16.0,93.0,30.0,5.0,11.0,15.0,7.246376811594203,2.4154589371980677,61.83574879227053,72.65625,49.36708860759494,68.75,68.75,100.0,63.76811594202898,207.0,7.0,8.0
us open,QF,2013,42.0,125.0,22.0,78.0,32.0,5.0,13.0,7.0,3.4653465346534658,2.4752475247524752,61.88118811881188,62.4,54.54545454545454,59.09090909090909,59.09090909090909,100.0,59.4059405940594,202.0,5.0,2.0
us open,QF,2014,57.0,171.0,26.0,112.0,42.0,7.0,15.0,17.0,5.964912280701754,2.456140350877193,60.0,65.49707602339181,50.0,57.692307692307686,57.692307692307686,100.0,59.29824561403508,285.0,8.0,9.0
us open,QF,2015,63.0,128.0,14.0,98.0,37.0,6.0,10.0,22.0,9.44206008583691,2.575107296137339,54.93562231759657,76.5625,60.0,71.42857142857143,71.42857142857143,100.0,69.09871244635193,233.0,9.0,13.0
us open,QF,2016,19.0,62.0,11.0,47.0,17.0,8.0,6.0,4.0,3.669724770642202,7.339449541284404,56.88073394495413,75.80645161290323,40.42553191489361,54.54545454545454,54.54545454545454,100.0,60.550458715596335,109.0,1.0,3.0
us open,QF,2018,34.0,136.0,22.0,93.0,29.0,8.0,17.0,4.0,1.9900497512437811,3.9800995024875623,67.66169154228857,68.38235294117648,52.307692307692314,77.27272727272727,77.27272727272727,100.0,63.18407960199005,201.0,1.0,3.0
us open,QF,2021,58.0,163.0,21.0,108.0,37.0,6.0,15.0,29.0,10.984848484848484,2.272727272727273,61.74242424242424,66.25766871165644,57.42574257425742,71.42857142857143,71.42857142857143,100.0,62.878787878787875,264.0,12.0,17.0
us open,QF,2023,32.0,106.0,21.0,75.0,27.0,7.0,13.0,15.0,8.19672131147541,3.825136612021858,57.92349726775956,70.75471698113208,41.55844155844156,61.904761904761905,61.904761904761905,100.0,58.46994535519126,183.0,7.0,8.0
us open,R128,2005,68.0,197.0,19.0,148.0,52.0,10.0,13.0,25.0,7.668711656441718,3.067484662576687,60.42944785276073,75.1269035532995,52.71317829457365,68.42105263157895,68.42105263157895,100.0,66.25766871165644,326.0,3.0,22.0
us open,R128,2006,38.0,114.0,17.0,75.0,32.0,12.0,9.0,12.0,6.349206349206349,6.349206349206349,60.317460317460316,65.78947368421053,50.66666666666667,52.94117647058824,52.94117647058824,100.0,59.78835978835979,189.0,8.0,4.0
us open,R128,2007,28.0,102.0,18.0,70.0,24.0,5.0,12.0,11.0,6.748466257668712,3.067484662576687,62.57668711656442,68.62745098039215,45.90163934426229,66.66666666666666,66.66666666666666,100.0,60.122699386503065,163.0,5.0,6.0
us open,R128,2008,39.0,103.0,11.0,75.0,28.0,5.0,7.0,21.0,12.42603550295858,2.9585798816568047,60.946745562130175,72.81553398058253,59.09090909090909,63.63636363636363,63.63636363636363,100.0,67.45562130177515,169.0,15.0,6.0
us open,R128,2009,26.0,91.0,10.0,66.0,25.0,4.0,5.0,19.0,13.194444444444445,2.7777777777777777,63.19444444444444,72.52747252747253,49.056603773584904,50.0,50.0,100.0,63.888888888888886,144.0,9.0,10.0
us open,R128,2010,48.0,213.0,28.0,145.0,47.0,10.0,18.0,26.0,8.201892744479496,3.1545741324921135,67.19242902208202,68.07511737089203,46.15384615384615,64.28571428571429,64.28571428571429,100.0,60.88328075709779,317.0,3.0,23.0
us open,R128,2011,7.0,37.0,6.0,25.0,12.0,3.0,1.0,4.0,6.666666666666667,5.0,61.66666666666667,67.56756756756756,30.434782608695656,16.666666666666664,16.666666666666664,100.0,53.333333333333336,60.0,3.0,1.0
us open,R128,2012,13.0,74.0,14.0,47.0,20.0,5.0,4.0,7.0,6.140350877192982,4.385964912280701,64.91228070175438,63.51351351351351,32.5,28.57142857142857,28.57142857142857,100.0,52.63157894736842,114.0,7.0,0.0
us open,R128,2013,24.0,86.0,22.0,53.0,23.0,5.0,14.0,13.0,9.219858156028367,3.546099290780142,60.99290780141844,61.627906976744185,43.63636363636363,63.63636363636363,63.63636363636363,100.0,54.60992907801418,141.0,10.0,3.0
us open,R128,2014,30.0,82.0,18.0,57.0,25.0,6.0,9.0,8.0,5.47945205479452,4.10958904109589,56.16438356164384,69.51219512195121,46.875,50.0,50.0,100.0,59.589041095890416,146.0,7.0,1.0
us open,R128,2015,15.0,70.0,10.0,53.0,21.0,2.0,3.0,11.0,10.091743119266056,1.834862385321101,64.22018348623854,75.71428571428571,38.46153846153847,30.0,30.0,100.0,62.38532110091744,109.0,8.0,3.0
us open,R128,2016,49.0,134.0,32.0,89.0,36.0,18.0,23.0,17.0,7.35930735930736,7.792207792207792,58.00865800865801,66.4179104477612,50.51546391752577,71.875,71.875,100.0,59.74025974025974,231.0,12.0,5.0
us open,R128,2018,41.0,127.0,18.0,89.0,34.0,8.0,10.0,7.0,3.3175355450236967,3.7914691943127963,60.18957345971564,70.07874015748031,48.80952380952381,55.55555555555556,55.55555555555556,100.0,61.61137440758294,211.0,4.0,3.0
us open,R128,2019,40.0,97.0,11.0,69.0,27.0,8.0,7.0,9.0,5.487804878048781,4.878048780487805,59.14634146341463,71.1340206185567,59.70149253731343,63.63636363636363,63.63636363636363,100.0,66.46341463414635,164.0,4.0,5.0
us open,R128,2020,33.0,102.0,26.0,65.0,24.0,13.0,18.0,7.0,3.954802259887006,7.344632768361582,57.6271186440678,63.725490196078425,44.0,69.23076923076923,69.23076923076923,100.0,55.367231638418076,177.0,5.0,2.0
us open,R128,2021,39.0,111.0,17.0,83.0,35.0,11.0,7.0,18.0,9.473684210526317,5.7894736842105265,58.42105263157895,74.77477477477478,49.36708860759494,41.17647058823529,41.17647058823529,100.0,64.21052631578948,190.0,17.0,1.0
us open,R128,2023,23.0,77.0,14.0,53.0,23.0,10.0,5.0,10.0,7.8125,7.8125,60.15625,68.83116883116884,45.09803921568628,35.714285714285715,35.714285714285715,100.0,59.375,128.0,6.0,4.0
us open,R128,2024,35.0,106.0,19.0,68.0,26.0,13.0,12.0,10.0,5.681818181818182,7.386363636363637,60.22727272727273,64.15094339622641,50.0,63.1578947368421,63.1578947368421,100.0,58.52272727272727,176.0,8.0,2.0
us open,R16,2007,57.0,174.0,22.0,126.0,43.0,12.0,13.0,17.0,5.723905723905724,4.040404040404041,58.58585858585859,72.41379310344827,46.34146341463415,59.09090909090909,59.09090909090909,100.0,61.61616161616161,297.0,14.0,3.0
us open,R16,2008,52.0,193.0,18.0,135.0,48.0,9.0,9.0,19.0,6.484641638225256,3.0716723549488054,65.8703071672355,69.94818652849742,52.0,50.0,50.0,100.0,63.82252559726962,293.0,11.0,8.0
us open,R16,2009,30.0,95.0,16.0,61.0,25.0,4.0,9.0,9.0,5.844155844155844,2.5974025974025974,61.68831168831169,64.21052631578948,50.847457627118644,56.25,56.25,100.0,59.09090909090909,154.0,5.0,4.0
us open,R16,2010,27.0,91.0,12.0,63.0,26.0,8.0,5.0,8.0,5.442176870748299,5.442176870748299,61.904761904761905,69.23076923076923,48.214285714285715,41.66666666666667,41.66666666666667,100.0,61.224489795918366,147.0,5.0,3.0
us open,R16,2011,41.0,110.0,13.0,84.0,30.0,8.0,6.0,7.0,3.5175879396984926,4.0201005025125625,55.27638190954774,76.36363636363637,46.06741573033708,46.15384615384615,46.15384615384615,100.0,62.8140703517588,199.0,2.0,5.0
us open,R16,2012,25.0,68.0,11.0,45.0,21.0,3.0,5.0,9.0,7.199999999999999,2.4,54.400000000000006,66.17647058823529,43.859649122807014,45.45454545454545,45.45454545454545,100.0,56.00000000000001,125.0,4.0,5.0
us open,R16,2013,25.0,71.0,15.0,48.0,21.0,2.0,8.0,4.0,3.278688524590164,1.639344262295082,58.19672131147541,67.6056338028169,49.01960784313725,53.333333333333336,53.333333333333336,100.0,59.83606557377049,122.0,2.0,2.0
us open,R16,2014,40.0,99.0,11.0,74.0,29.0,3.0,7.0,12.0,7.0588235294117645,1.7647058823529411,58.235294117647065,74.74747474747475,56.33802816901409,63.63636363636363,63.63636363636363,100.0,67.05882352941175,170.0,6.0,6.0
us open,R16,2015,49.0,144.0,22.0,92.0,38.0,4.0,11.0,12.0,5.0,1.6666666666666667,60.0,63.888888888888886,51.041666666666664,50.0,50.0,100.0,58.75,240.0,8.0,4.0
us open,R16,2016,24.0,108.0,21.0,68.0,25.0,8.0,11.0,6.0,3.508771929824561,4.678362573099415,63.1578947368421,62.96296296296296,38.095238095238095,52.38095238095239,52.38095238095239,100.0,53.80116959064327,171.0,3.0,3.0
us open,R16,2018,29.0,93.0,7.0,69.0,28.0,6.0,1.0,13.0,8.38709677419355,3.870967741935484,60.0,74.19354838709677,46.774193548387096,14.285714285714285,14.285714285714285,100.0,63.2258064516129,155.0,9.0,4.0
us open,R16,2019,30.0,82.0,12.0,63.0,25.0,8.0,7.0,11.0,7.6923076923076925,5.594405594405594,57.34265734265735,76.82926829268293,49.18032786885246,58.333333333333336,58.333333333333336,100.0,65.03496503496503,143.0,9.0,2.0
us open,R16,2020,11.0,44.0,6.0,34.0,11.0,0.0,5.0,12.0,18.75,0.0,68.75,77.27272727272727,55.00000000000001,83.33333333333334,83.33333333333334,100.0,70.3125,64.0,3.0,9.0
us open,R16,2021,32.0,144.0,23.0,96.0,32.0,2.0,14.0,13.0,6.161137440758294,0.9478672985781991,68.24644549763033,66.66666666666666,47.76119402985074,60.86956521739131,60.86956521739131,100.0,60.66350710900474,211.0,9.0,4.0
us open,R16,2023,29.0,124.0,14.0,93.0,30.0,11.0,8.0,26.0,13.684210526315791,5.7894736842105265,65.26315789473685,75.0,43.93939393939394,57.14285714285714,57.14285714285714,100.0,64.21052631578948,190.0,12.0,14.0
us open,R32,2005,55.0,196.0,25.0,135.0,49.0,16.0,13.0,18.0,5.960264900662252,5.298013245033113,64.90066225165563,68.87755102040816,51.886792452830186,52.0,52.0,100.0,62.913907284768214,302.0,13.0,5.0
us open,R32,2006,33.0,93.0,16.0,61.0,24.0,10.0,10.0,13.0,8.441558441558442,6.493506493506493,60.3896103896104,65.59139784946237,54.09836065573771,62.5,62.5,100.0,61.038961038961034,154.0,10.0,3.0
us open,R32,2007,21.0,103.0,12.0,67.0,26.0,3.0,5.0,8.0,5.594405594405594,2.097902097902098,72.02797202797203,65.0485436893204,52.5,41.66666666666667,41.66666666666667,100.0,61.53846153846154,143.0,7.0,1.0
us open,R32,2008,58.0,185.0,23.0,139.0,46.0,15.0,13.0,28.0,9.032258064516128,4.838709677419355,59.67741935483871,75.13513513513513,46.400000000000006,56.52173913043478,56.52173913043478,100.0,63.54838709677419,310.0,8.0,20.0
us open,R32,2009,64.0,149.0,29.0,97.0,43.0,19.0,14.0,13.0,4.676258992805756,6.83453237410072,53.597122302158276,65.1006711409396,49.6124031007752,48.275862068965516,48.275862068965516,100.0,57.9136690647482,278.0,8.0,5.0
us open,R32,2010,28.0,126.0,10.0,84.0,28.0,6.0,5.0,5.0,2.923976608187134,3.508771929824561,73.68421052631578,66.66666666666666,62.22222222222222,50.0,50.0,100.0,65.49707602339181,171.0,4.0,1.0
us open,R32,2011,30.0,108.0,14.0,70.0,27.0,2.0,8.0,5.0,3.1055900621118013,1.2422360248447204,67.08074534161491,64.81481481481481,56.60377358490566,57.14285714285714,57.14285714285714,100.0,62.11180124223602,161.0,4.0,1.0
us open,R32,2012,31.0,86.0,8.0,62.0,25.0,5.0,3.0,18.0,12.676056338028168,3.5211267605633805,60.56338028169014,72.09302325581395,55.35714285714286,37.5,37.5,100.0,65.49295774647888,142.0,13.0,5.0
us open,R32,2013,22.0,92.0,14.0,60.0,22.0,5.0,6.0,5.0,3.3783783783783785,3.3783783783783785,62.16216216216216,65.21739130434783,39.285714285714285,42.857142857142854,42.857142857142854,100.0,55.4054054054054,148.0,3.0,2.0
us open,R32,2014,17.0,97.0,16.0,64.0,25.0,4.0,7.0,12.0,8.21917808219178,2.73972602739726,66.43835616438356,65.97938144329896,34.69387755102041,43.75,43.75,100.0,55.47945205479452,146.0,5.0,7.0
us open,R32,2015,43.0,120.0,19.0,87.0,33.0,6.0,12.0,16.0,8.0,3.0,60.0,72.5,53.75,63.1578947368421,63.1578947368421,100.0,65.0,200.0,11.0,5.0
us open,R32,2016,13.0,18.0,2.0,13.0,6.0,0.0,1.0,2.0,5.263157894736842,0.0,47.368421052631575,72.22222222222221,65.0,50.0,50.0,100.0,68.42105263157895,38.0,0.0,2.0
us open,R32,2018,31.0,118.0,17.0,79.0,26.0,6.0,12.0,13.0,7.222222222222221,3.3333333333333335,65.55555555555556,66.94915254237289,50.0,70.58823529411765,70.58823529411765,100.0,61.111111111111114,180.0,3.0,10.0
us open,R32,2019,41.0,105.0,16.0,80.0,27.0,11.0,12.0,12.0,6.557377049180328,6.0109289617486334,57.377049180327866,76.19047619047619,52.56410256410257,75.0,75.0,100.0,66.12021857923497,183.0,6.0,6.0
us open,R32,2020,31.0,95.0,15.0,68.0,25.0,8.0,10.0,12.0,7.643312101910828,5.095541401273886,60.509554140127385,71.57894736842105,50.0,66.66666666666666,66.66666666666666,100.0,63.05732484076433,157.0,4.0,8.0
us open,R32,2021,47.0,175.0,29.0,122.0,39.0,10.0,20.0,21.0,7.664233576642336,3.64963503649635,63.868613138686136,69.71428571428572,47.474747474747474,68.96551724137932,68.96551724137932,100.0,61.67883211678832,274.0,15.0,6.0
us open,R32,2023,42.0,183.0,25.0,130.0,43.0,6.0,15.0,20.0,7.4074074074074066,2.2222222222222223,67.77777777777779,71.03825136612022,48.275862068965516,60.0,60.0,100.0,63.70370370370371,270.0,12.0,8.0
us open,R32,2024,49.0,150.0,28.0,109.0,38.0,20.0,19.0,31.0,12.062256809338521,7.782101167315175,58.36575875486382,72.66666666666667,45.794392523364486,67.85714285714286,67.85714285714286,100.0,61.478599221789885,257.0,15.0,16.0
us open,R64,2005,46.0,173.0,20.0,128.0,42.0,7.0,11.0,14.0,5.166051660516605,2.5830258302583027,63.837638376383765,73.98843930635837,46.93877551020408,55.00000000000001,55.00000000000001,100.0,64.20664206642066,271.0,6.0,8.0
us open,R64,2006,78.0,164.0,17.0,130.0,43.0,12.0,15.0,30.0,10.273972602739725,4.10958904109589,56.16438356164384,79.26829268292683,60.9375,88.23529411764706,88.23529411764706,100.0,71.23287671232876,292.0,9.0,21.0
us open,R64,2007,83.0,210.0,11.0,165.0,60.0,6.0,5.0,30.0,8.426966292134832,1.6853932584269662,58.98876404494382,78.57142857142857,56.849315068493155,45.45454545454545,45.45454545454545,100.0,69.66292134831461,356.0,18.0,12.0
us open,R64,2008,41.0,135.0,7.0,102.0,32.0,7.0,5.0,30.0,14.423076923076922,3.3653846153846154,64.90384615384616,75.55555555555556,56.16438356164384,71.42857142857143,71.42857142857143,100.0,68.75,208.0,11.0,19.0
us open,R64,2009,41.0,99.0,20.0,72.0,29.0,7.0,15.0,11.0,6.547619047619048,4.166666666666666,58.92857142857143,72.72727272727273,59.42028985507246,75.0,75.0,100.0,67.26190476190477,168.0,3.0,8.0
us open,R64,2010,42.0,136.0,17.0,98.0,33.0,11.0,12.0,10.0,4.716981132075472,5.188679245283019,64.15094339622641,72.05882352941177,55.26315789473685,70.58823529411765,70.58823529411765,100.0,66.0377358490566,212.0,4.0,6.0
us open,R64,2011,17.0,81.0,24.0,42.0,20.0,6.0,12.0,7.0,5.691056910569105,4.878048780487805,65.85365853658537,51.85185185185185,40.476190476190474,50.0,50.0,100.0,47.96747967479675,123.0,5.0,2.0
us open,R64,2012,26.0,94.0,16.0,66.0,23.0,2.0,10.0,9.0,6.122448979591836,1.3605442176870748,63.94557823129252,70.2127659574468,49.056603773584904,62.5,62.5,100.0,62.585034013605444,147.0,6.0,3.0
us open,R64,2013,31.0,114.0,15.0,80.0,28.0,6.0,9.0,19.0,10.857142857142858,3.428571428571429,65.14285714285715,70.17543859649122,50.81967213114754,60.0,60.0,100.0,63.42857142857142,175.0,13.0,6.0
us open,R64,2014,20.0,82.0,13.0,61.0,22.0,9.0,6.0,15.0,11.194029850746269,6.7164179104477615,61.19402985074627,74.39024390243902,38.46153846153847,46.15384615384615,46.15384615384615,100.0,60.447761194029844,134.0,13.0,2.0
us open,R64,2015,34.0,74.0,10.0,54.0,25.0,8.0,5.0,8.0,6.015037593984962,6.015037593984962,55.639097744360896,72.97297297297297,57.6271186440678,50.0,50.0,100.0,66.16541353383458,133.0,5.0,3.0
us open,R64,2016,0.0,0.0,0.0,0.0,0.0,0.0,0.0,0.0,,,,,,,,,,0.0,0.0,0.0
us open,R64,2018,40.0,160.0,19.0,108.0,37.0,7.0,11.0,17.0,6.995884773662551,2.880658436213992,65.84362139917695,67.5,48.19277108433735,57.89473684210527,57.89473684210527,100.0,60.90534979423868,243.0,6.0,11.0
us open,R64,2019,37.0,106.0,26.0,61.0,30.0,13.0,12.0,13.0,7.027027027027027,7.027027027027027,57.2972972972973,57.54716981132076,46.835443037974684,46.15384615384615,46.15384615384615,100.0,52.972972972972975,185.0,7.0,6.0
us open,R64,2020,48.0,154.0,17.0,113.0,40.0,9.0,9.0,23.0,9.31174089068826,3.643724696356275,62.34817813765182,73.37662337662337,51.61290322580645,52.94117647058824,52.94117647058824,100.0,65.18218623481782,247.0,16.0,7.0
us open,R64,2021,23.0,96.0,14.0,65.0,25.0,7.0,7.0,18.0,12.162162162162163,4.72972972972973,64.86486486486487,67.70833333333334,44.230769230769226,50.0,50.0,100.0,59.45945945945946,148.0,13.0,5.0
us open,R64,2023,32.0,97.0,17.0,63.0,24.0,2.0,11.0,7.0,4.605263157894736,1.3157894736842104,63.81578947368421,64.94845360824742,58.18181818181818,64.70588235294117,64.70588235294117,100.0,62.5,152.0,5.0,2.0
us open,R64,2024,34.0,85.0,18.0,61.0,22.0,9.0,13.0,14.0,8.641975308641975,5.555555555555555,52.46913580246913,71.76470588235294,44.15584415584416,72.22222222222221,72.22222222222221,100.0,58.64197530864198,162.0,3.0,11.0
us open,SF,2007,29.0,131.0,14.0,84.0,29.0,4.0,6.0,14.0,7.446808510638298,2.127659574468085,69.68085106382979,64.12213740458014,50.877192982456144,42.857142857142854,42.857142857142854,100.0,60.1063829787234,188.0,9.0,5.0
us open,SF,2008,47.0,160.0,16.0,118.0,41.0,6.0,9.0,26.0,10.441767068273093,2.4096385542168677,64.2570281124498,73.75,52.80898876404494,56.25,56.25,100.0,66.26506024096386,249.0,20.0,6.0
us open,SF,2009,48.0,141.0,13.0,102.0,36.0,7.0,9.0,14.0,6.25,3.125,62.94642857142857,72.3404255319149,57.831325301204814,69.23076923076923,69.23076923076923,100.0,66.96428571428571,224.0,8.0,6.0
us open,SF,2010,71.0,178.0,19.0,126.0,51.0,8.0,10.0,16.0,5.144694533762058,2.572347266881029,57.234726688102896,70.78651685393258,53.383458646616546,52.63157894736842,52.63157894736842,100.0,63.344051446945336,311.0,4.0,12.0
us open,SF,2011,67.0,183.0,17.0,136.0,51.0,10.0,8.0,19.0,6.25,3.289473684210526,60.19736842105263,74.31693989071039,55.371900826446286,47.05882352941176,47.05882352941176,100.0,66.77631578947368,304.0,8.0,11.0
us open,SF,2012,41.0,115.0,16.0,78.0,33.0,4.0,7.0,9.0,4.66321243523316,2.072538860103627,59.58549222797927,67.82608695652173,52.56410256410257,43.75,43.75,100.0,61.6580310880829,193.0,7.0,2.0
us open,SF,2013,74.0,188.0,29.0,131.0,48.0,13.0,19.0,17.0,5.151515151515151,3.939393939393939,56.96969696969697,69.68085106382979,52.112676056338024,65.51724137931035,65.51724137931035,100.0,62.121212121212125,330.0,9.0,8.0
us open,SF,2014,43.0,139.0,20.0,102.0,38.0,8.0,11.0,20.0,8.438818565400844,3.375527426160337,58.64978902953587,73.38129496402878,43.87755102040816,55.00000000000001,55.00000000000001,100.0,61.18143459915611,237.0,5.0,15.0
us open,SF,2015,23.0,67.0,15.0,46.0,21.0,6.0,6.0,7.0,5.737704918032787,4.918032786885246,54.91803278688525,68.65671641791045,41.81818181818181,40.0,40.0,100.0,56.557377049180324,122.0,3.0,4.0
us open,SF,2016,39.0,128.0,31.0,83.0,34.0,18.0,19.0,12.0,5.529953917050691,8.294930875576037,58.986175115207374,64.84375,43.82022471910113,61.29032258064516,61.29032258064516,100.0,56.22119815668203,217.0,1.0,11.0
us open,SF,2018,40.0,112.0,19.0,77.0,27.0,4.0,15.0,5.0,2.793296089385475,2.2346368715083798,62.56983240223464,68.75,59.70149253731343,78.94736842105263,78.94736842105263,100.0,65.36312849162012,179.0,3.0,2.0
us open,SF,2021,45.0,176.0,21.0,134.0,46.0,10.0,12.0,28.0,10.218978102189782,3.64963503649635,64.23357664233576,76.13636363636364,45.91836734693878,57.14285714285714,57.14285714285714,100.0,65.32846715328468,274.0,12.0,16.0
us open,SF,2023,25.0,139.0,20.0,99.0,30.0,8.0,13.0,10.0,4.975124378109453,3.9800995024875623,69.15422885572139,71.22302158273382,40.32258064516129,65.0,65.0,100.0,61.69154228855721,201.0,5.0,5.0
wimbledon,F,2011,22.0,133.0,12.0,93.0,33.0,2.0,4.0,12.0,6.779661016949152,1.1299435028248588,75.14124293785311,69.92481203007519,50.0,33.33333333333333,33.33333333333333,100.0,64.97175141242938,177.0,7.0,5.0
wimbledon,F,2013,31.0,135.0,30.0,88.0,32.0,6.0,19.0,13.0,6.190476190476191,2.857142857142857,64.28571428571429,65.18518518518519,41.333333333333336,63.33333333333333,63.33333333333333,100.0,56.666666666666664,210.0,9.0,4.0
wimbledon,F,2014,69.0,241.0,22.0,181.0,56.0,8.0,15.0,42.0,11.475409836065573,2.185792349726776,65.84699453551912,75.10373443983403,55.2,68.18181818181817,68.18181818181817,100.0,68.30601092896174,366.0,13.0,29.0
wimbledon,F,2015,53.0,189.0,17.0,140.0,43.0,4.0,12.0,27.0,9.44055944055944,1.3986013986013985,66.08391608391608,74.07407407407408,54.63917525773196,70.58823529411765,70.58823529411765,100.0,67.48251748251748,286.0,13.0,14.0
wimbledon,F,2018,32.0,117.0,11.0,86.0,29.0,9.0,7.0,16.0,9.195402298850574,5.172413793103448,67.24137931034483,73.50427350427351,56.14035087719298,63.63636363636363,63.63636363636363,100.0,67.81609195402298,174.0,6.0,10.0
wimbledon,F,2019,78.0,263.0,21.0,201.0,68.0,15.0,11.0,35.0,8.293838862559241,3.5545023696682465,62.32227488151659,76.42585551330798,49.056603773584904,52.38095238095239,52.38095238095239,100.0,66.11374407582939,422.0,10.0,25.0
wimbledon,F,2021,49.0,166.0,22.0,128.0,42.0,7.0,14.0,21.0,7.608695652173914,2.536231884057971,60.14492753623188,77.10843373493977,44.54545454545455,63.63636363636363,63.63636363636363,100.0,64.13043478260869,276.0,5.0,16.0
wimbledon,F,2022,45.0,166.0,10.0,126.0,42.0,14.0,7.0,45.0,18.442622950819672,5.737704918032787,68.0327868852459,75.90361445783132,57.692307692307686,70.0,70.0,100.0,70.08196721311475,244.0,15.0,30.0
wimbledon,F,2023,65.0,212.0,34.0,139.0,46.0,10.0,24.0,11.0,3.293413173652695,2.9940119760479043,63.47305389221557,65.56603773584906,53.278688524590166,70.58823529411765,70.58823529411765,100.0,61.07784431137725,334.0,9.0,2.0
wimbledon,F,2024,32.0,127.0,17.0,94.0,28.0,10.0,11.0,13.0,6.63265306122449,5.1020408163265305,64.79591836734694,74.01574803149606,46.3768115942029,64.70588235294117,64.70588235294117,100.0,64.28571428571429,196.0,5.0,8.0
wimbledon,QF,2007,88.0,244.0,25.0,177.0,58.0,12.0,15.0,18.0,4.358353510895883,2.9055690072639226,59.07990314769975,72.54098360655738,52.071005917159766,60.0,60.0,100.0,64.16464891041163,413.0,12.0,6.0
wimbledon,QF,2009,56.0,150.0,7.0,120.0,43.0,11.0,2.0,31.0,12.5,4.435483870967742,60.483870967741936,80.0,57.14285714285714,28.57142857142857,28.57142857142857,100.0,70.96774193548387,248.0,18.0,13.0
wimbledon,QF,2010,29.0,95.0,15.0,70.0,25.0,5.0,10.0,8.0,5.263157894736842,3.289473684210526,62.5,73.68421052631578,50.877192982456144,66.66666666666666,66.66666666666666,100.0,65.13157894736842,152.0,4.0,4.0
wimbledon,QF,2011,42.0,163.0,20.0,113.0,38.0,6.0,11.0,21.0,8.300395256916996,2.371541501976284,64.42687747035573,69.32515337423312,46.666666666666664,55.00000000000001,55.00000000000001,100.0,61.26482213438735,253.0,14.0,7.0
wimbledon,QF,2012,32.0,99.0,17.0,69.0,27.0,4.0,11.0,9.0,5.590062111801243,2.484472049689441,61.49068322981367,69.6969696969697,51.61290322580645,64.70588235294117,64.70588235294117,100.0,62.732919254658384,161.0,7.0,2.0
wimbledon,QF,2013,48.0,106.0,12.0,75.0,31.0,5.0,6.0,22.0,11.702127659574469,2.6595744680851063,56.38297872340425,70.75471698113208,58.536585365853654,50.0,50.0,100.0,65.42553191489363,188.0,16.0,6.0
wimbledon,QF,2014,52.0,181.0,23.0,129.0,44.0,9.0,14.0,20.0,6.8493150684931505,3.0821917808219177,61.986301369863014,71.27071823204419,46.846846846846844,60.86956521739131,60.86956521739131,100.0,61.986301369863014,292.0,10.0,10.0
wimbledon,QF,2015,35.0,104.0,5.0,81.0,30.0,1.0,2.0,12.0,7.317073170731707,0.6097560975609756,63.41463414634146,77.88461538461539,58.333333333333336,40.0,40.0,100.0,70.73170731707317,164.0,4.0,8.0
wimbledon,QF,2017,14.0,66.0,1.0,50.0,14.0,1.0,0.0,2.0,2.1505376344086025,1.0752688172043012,70.96774193548387,75.75757575757575,51.85185185185185,0.0,0.0,100.0,68.81720430107528,93.0,1.0,1.0
wimbledon,QF,2018,28.0,141.0,21.0,99.0,34.0,4.0,11.0,9.0,4.326923076923077,1.9230769230769231,67.78846153846155,70.2127659574468,41.7910447761194,52.38095238095239,52.38095238095239,100.0,61.057692307692314,208.0,6.0,3.0
wimbledon,QF,2019,33.0,83.0,16.0,58.0,24.0,8.0,8.0,7.0,4.40251572327044,5.031446540880504,52.20125786163522,69.87951807228916,43.42105263157895,50.0,50.0,100.0,57.23270440251572,159.0,3.0,4.0
wimbledon,QF,2021,33.0,126.0,20.0,88.0,29.0,8.0,15.0,9.0,4.639175257731959,4.123711340206185,64.94845360824742,69.84126984126983,48.529411764705884,75.0,75.0,100.0,62.371134020618555,194.0,4.0,5.0
wimbledon,QF,2022,49.0,157.0,24.0,120.0,45.0,12.0,14.0,16.0,6.106870229007633,4.580152671755725,59.92366412213741,76.43312101910828,46.666666666666664,58.333333333333336,58.333333333333336,100.0,64.50381679389314,262.0,8.0,8.0
wimbledon,QF,2023,47.0,131.0,20.0,97.0,36.0,3.0,14.0,11.0,5.0691244239631335,1.3824884792626728,60.36866359447005,74.04580152671755,54.65116279069767,70.0,70.0,100.0,66.3594470046083,217.0,5.0,6.0
wimbledon,QF,2024,0.0,0.0,0.0,0.0,0.0,0.0,0.0,0.0,,,,,,,,,,0.0,0.0,0.0
wimbledon,R128,2005,34.0,128.0,13.0,97.0,30.0,10.0,9.0,6.0,3.1413612565445024,5.2356020942408374,67.01570680628272,75.78125,53.96825396825397,69.23076923076923,69.23076923076923,100.0,68.58638743455498,191.0,2.0,4.0
wimbledon,R128,2006,40.0,102.0,14.0,77.0,29.0,9.0,7.0,9.0,4.864864864864865,4.864864864864865,55.13513513513514,75.49019607843137,48.19277108433735,50.0,50.0,100.0,63.24324324324324,185.0,8.0,1.0
wimbledon,R128,2007,34.0,103.0,18.0,66.0,25.0,4.0,11.0,8.0,4.968944099378882,2.484472049689441,63.975155279503106,64.07766990291263,58.620689655172406,61.111111111111114,61.111111111111114,100.0,62.11180124223602,161.0,6.0,2.0
wimbledon,R128,2008,27.0,142.0,21.0,107.0,35.0,12.0,14.0,23.0,11.11111111111111,5.797101449275362,68.59903381642512,75.35211267605634,41.53846153846154,66.66666666666666,66.66666666666666,100.0,64.73429951690821,207.0,13.0,10.0
wimbledon,R128,2009,44.0,191.0,16.0,143.0,42.0,8.0,11.0,17.0,6.071428571428571,2.857142857142857,68.21428571428572,74.86910994764398,49.43820224719101,68.75,68.75,100.0,66.78571428571428,280.0,14.0,3.0
wimbledon,R128,2010,56.0,189.0,37.0,117.0,45.0,16.0,21.0,18.0,5.787781350482315,5.144694533762058,60.77170418006431,61.904761904761905,45.90163934426229,56.75675675675676,56.75675675675676,100.0,55.62700964630225,311.0,17.0,1.0
wimbledon,R128,2011,20.0,89.0,11.0,68.0,24.0,3.0,5.0,18.0,13.23529411764706,2.2058823529411766,65.44117647058823,76.40449438202246,42.5531914893617,45.45454545454545,45.45454545454545,100.0,64.70588235294117,136.0,9.0,9.0
wimbledon,R128,2012,22.0,104.0,19.0,74.0,25.0,5.0,12.0,15.0,9.554140127388536,3.1847133757961785,66.2420382165605,71.15384615384616,41.509433962264154,63.1578947368421,63.1578947368421,100.0,61.146496815286625,157.0,13.0,2.0
wimbledon,R128,2013,46.0,120.0,14.0,87.0,31.0,0.0,11.0,8.0,4.102564102564102,0.0,61.53846153846154,72.5,61.33333333333333,78.57142857142857,78.57142857142857,100.0,68.2051282051282,195.0,5.0,3.0
wimbledon,R128,2014,33.0,91.0,15.0,58.0,23.0,3.0,9.0,8.0,5.369127516778524,2.013422818791946,61.07382550335571,63.73626373626373,56.896551724137936,60.0,60.0,100.0,61.07382550335571,149.0,7.0,1.0
wimbledon,R128,2015,30.0,127.0,21.0,88.0,30.0,5.0,14.0,18.0,9.62566844919786,2.6737967914438503,67.9144385026738,69.29133858267717,50.0,66.66666666666666,66.66666666666666,100.0,63.101604278074866,187.0,12.0,6.0
wimbledon,R128,2016,37.0,117.0,19.0,84.0,28.0,6.0,13.0,17.0,8.854166666666668,3.125,60.9375,71.7948717948718,49.333333333333336,68.42105263157895,68.42105263157895,100.0,63.020833333333336,192.0,7.0,10.0
wimbledon,R128,2017,10.0,44.0,4.0,32.0,11.0,4.0,2.0,7.0,10.606060606060606,6.0606060606060606,66.66666666666666,72.72727272727273,45.45454545454545,50.0,50.0,100.0,63.63636363636363,66.0,7.0,0.0
wimbledon,R128,2018,23.0,97.0,20.0,67.0,24.0,6.0,12.0,5.0,3.3112582781456954,3.9735099337748347,64.23841059602648,69.0721649484536,42.592592592592595,60.0,60.0,100.0,59.60264900662252,151.0,0.0,5.0
wimbledon,R128,2019,38.0,102.0,19.0,74.0,30.0,6.0,11.0,21.0,11.931818181818182,3.4090909090909087,57.95454545454546,72.54901960784314,51.35135135135135,57.89473684210527,57.89473684210527,100.0,63.63636363636363,176.0,12.0,9.0
wimbledon,R128,2021,30.0,123.0,18.0,97.0,33.0,7.0,11.0,29.0,15.508021390374333,3.7433155080213902,65.77540106951871,78.86178861788618,46.875,61.111111111111114,61.111111111111114,100.0,67.9144385026738,187.0,25.0,4.0
wimbledon,R128,2022,39.0,123.0,14.0,99.0,37.0,7.0,8.0,22.0,10.679611650485436,3.3980582524271843,59.70873786407766,80.48780487804879,46.98795180722892,57.14285714285714,57.14285714285714,100.0,66.99029126213593,206.0,15.0,7.0
wimbledon,R128,2023,34.0,127.0,14.0,90.0,31.0,6.0,9.0,23.0,11.917098445595855,3.1088082901554404,65.80310880829016,70.86614173228347,51.515151515151516,64.28571428571429,64.28571428571429,100.0,64.24870466321244,193.0,13.0,10.0
wimbledon,R128,2024,30.0,92.0,15.0,64.0,23.0,7.0,9.0,14.0,9.090909090909092,4.545454545454546,59.74025974025974,69.56521739130434,48.38709677419355,60.0,60.0,100.0,61.038961038961034,154.0,10.0,4.0
wimbledon,R16,2006,57.0,167.0,11.0,139.0,51.0,11.0,6.0,42.0,15.555555555555555,4.074074074074074,61.85185185185185,83.23353293413174,55.33980582524271,54.54545454545454,54.54545454545454,100.0,72.5925925925926,270.0,31.0,11.0
wimbledon,R16,2007,63.0,205.0,20.0,151.0,46.0,7.0,13.0,24.0,7.250755287009064,2.1148036253776437,61.933534743202415,73.65853658536585,50.0,65.0,65.0,100.0,64.6525679758308,331.0,17.0,7.0
wimbledon,R16,2009,22.0,92.0,20.0,63.0,25.0,6.0,11.0,12.0,8.391608391608392,4.195804195804196,64.33566433566433,68.47826086956522,43.13725490196079,55.00000000000001,55.00000000000001,100.0,59.44055944055944,143.0,11.0,1.0
wimbledon,R16,2010,48.0,143.0,18.0,110.0,41.0,11.0,11.0,14.0,5.957446808510639,4.680851063829787,60.851063829787236,76.92307692307693,52.17391304347826,61.111111111111114,61.111111111111114,100.0,67.23404255319149,235.0,9.0,5.0
wimbledon,R16,2011,32.0,94.0,11.0,74.0,27.0,8.0,7.0,17.0,11.03896103896104,5.194805194805195,61.038961038961034,78.72340425531915,53.333333333333336,63.63636363636363,63.63636363636363,100.0,68.83116883116884,154.0,9.0,8.0
wimbledon,R16,2012,22.0,95.0,12.0,66.0,25.0,4.0,5.0,7.0,4.895104895104895,2.797202797202797,66.43356643356644,69.47368421052632,45.83333333333333,41.66666666666667,41.66666666666667,100.0,61.53846153846154,143.0,4.0,3.0
wimbledon,R16,2013,31.0,136.0,20.0,87.0,29.0,5.0,12.0,17.0,8.673469387755102,2.5510204081632653,69.38775510204081,63.970588235294116,51.66666666666667,60.0,60.0,100.0,60.204081632653065,196.0,13.0,4.0
wimbledon,R16,2014,37.0,127.0,11.0,101.0,31.0,2.0,9.0,33.0,17.83783783783784,1.0810810810810811,68.64864864864865,79.52755905511812,63.793103448275865,81.81818181818183,81.81818181818183,100.0,74.5945945945946,185.0,14.0,19.0
wimbledon,R16,2015,66.0,214.0,16.0,167.0,53.0,12.0,10.0,53.0,15.680473372781064,3.5502958579881656,63.31360946745562,78.03738317757009,53.2258064516129,62.5,62.5,100.0,68.93491124260355,338.0,13.0,40.0
wimbledon,R16,2017,32.0,140.0,12.0,92.0,30.0,3.0,7.0,6.0,3.076923076923077,1.5384615384615385,71.7948717948718,65.71428571428571,58.18181818181818,58.333333333333336,58.333333333333336,100.0,63.589743589743584,195.0,4.0,2.0
wimbledon,R16,2018,24.0,96.0,17.0,64.0,26.0,2.0,8.0,6.0,4.026845637583892,1.342281879194631,64.42953020134227,66.66666666666666,45.28301886792453,47.05882352941176,47.05882352941176,100.0,59.06040268456376,149.0,2.0,4.0
wimbledon,R16,2019,29.0,97.0,9.0,69.0,26.0,3.0,4.0,9.0,5.960264900662252,1.9867549668874174,64.23841059602648,71.1340206185567,53.70370370370371,44.44444444444444,44.44444444444444,100.0,64.90066225165563,151.0,3.0,6.0
wimbledon,R16,2021,35.0,87.0,14.0,63.0,26.0,6.0,9.0,11.0,7.236842105263158,3.9473684210526314,57.23684210526315,72.41379310344827,53.84615384615385,64.28571428571429,64.28571428571429,100.0,64.47368421052632,152.0,9.0,2.0
wimbledon,R16,2022,40.0,141.0,21.0,99.0,33.0,7.0,14.0,27.0,12.217194570135746,3.167420814479638,63.80090497737556,70.2127659574468,50.0,66.66666666666666,66.66666666666666,100.0,62.89592760180995,221.0,7.0,20.0
wimbledon,R16,2023,41.0,195.0,10.0,165.0,48.0,7.0,8.0,51.0,18.81918819188192,2.5830258302583027,71.95571955719558,84.61538461538461,53.94736842105263,80.0,80.0,100.0,76.01476014760148,271.0,18.0,33.0
wimbledon,R16,2024,39.0,94.0,16.0,68.0,27.0,6.0,12.0,8.0,5.0,3.75,58.75,72.3404255319149,59.09090909090909,75.0,75.0,100.0,66.875,160.0,5.0,3.0
wimbledon,R32,2005,56.0,167.0,13.0,126.0,44.0,7.0,9.0,13.0,4.887218045112782,2.631578947368421,62.78195488721805,75.44910179640718,56.56565656565656,69.23076923076923,69.23076923076923,100.0,68.42105263157895,266.0,7.0,6.0
wimbledon,R32,2006,42.0,134.0,11.0,97.0,36.0,5.0,5.0,13.0,6.220095693779904,2.3923444976076556,64.11483253588517,72.38805970149254,56.00000000000001,45.45454545454545,45.45454545454545,100.0,66.50717703349282,209.0,7.0,6.0
wimbledon,R32,2007,63.0,193.0,15.0,148.0,44.0,10.0,11.0,20.0,6.535947712418301,3.2679738562091507,63.0718954248366,76.68393782383419,55.75221238938053,73.33333333333333,73.33333333333333,100.0,68.95424836601308,306.0,11.0,9.0
wimbledon,R32,2009,39.0,107.0,13.0,80.0,30.0,2.0,8.0,14.0,7.909604519774012,1.1299435028248588,60.451977401129945,74.76635514018692,55.714285714285715,61.53846153846154,61.53846153846154,100.0,67.2316384180791,177.0,8.0,6.0
wimbledon,R32,2010,29.0,111.0,9.0,82.0,27.0,7.0,5.0,16.0,9.523809523809524,4.166666666666666,66.07142857142857,73.87387387387388,50.877192982456144,55.55555555555556,55.55555555555556,100.0,66.07142857142857,168.0,11.0,5.0
wimbledon,R32,2011,57.0,150.0,16.0,111.0,39.0,8.0,12.0,24.0,9.448818897637794,3.149606299212598,59.055118110236215,74.0,54.807692307692314,75.0,75.0,100.0,66.14173228346458,254.0,10.0,14.0
wimbledon,R32,2012,39.0,157.0,25.0,107.0,34.0,2.0,18.0,20.0,8.368200836820083,0.8368200836820083,65.69037656903765,68.15286624203821,47.5609756097561,72.0,72.0,100.0,61.08786610878661,239.0,12.0,8.0
wimbledon,R32,2013,27.0,102.0,16.0,72.0,25.0,5.0,11.0,14.0,9.523809523809524,3.4013605442176873,69.38775510204081,70.58823529411765,60.0,68.75,68.75,100.0,67.3469387755102,147.0,8.0,6.0
wimbledon,R32,2014,34.0,101.0,21.0,71.0,28.0,6.0,11.0,10.0,5.46448087431694,3.278688524590164,55.19125683060109,70.29702970297029,41.46341463414634,52.38095238095239,52.38095238095239,100.0,57.377049180327866,183.0,7.0,3.0
wimbledon,R32,2015,30.0,112.0,16.0,80.0,27.0,3.0,12.0,24.0,14.723926380368098,1.8404907975460123,68.71165644171779,71.42857142857143,58.82352941176471,75.0,75.0,100.0,67.48466257668711,163.0,15.0,9.0
wimbledon,R32,2016,52.0,197.0,32.0,142.0,40.0,4.0,25.0,38.0,12.418300653594772,1.3071895424836601,64.37908496732027,72.08121827411168,47.706422018348626,78.125,78.125,100.0,63.39869281045751,306.0,31.0,7.0
wimbledon,R32,2017,36.0,119.0,15.0,88.0,29.0,8.0,10.0,19.0,9.947643979057592,4.18848167539267,62.30366492146597,73.94957983193278,50.0,66.66666666666666,66.66666666666666,100.0,64.92146596858639,191.0,6.0,13.0
wimbledon,R32,2018,42.0,158.0,22.0,116.0,37.0,6.0,17.0,29.0,12.133891213389122,2.510460251046025,66.10878661087865,73.41772151898735,51.85185185185185,77.27272727272727,77.27272727272727,100.0,66.10878661087865,239.0,18.0,11.0
wimbledon,R32,2019,51.0,169.0,20.0,127.0,42.0,15.0,16.0,22.0,8.239700374531834,5.617977528089887,63.29588014981273,75.14792899408283,52.04081632653062,80.0,80.0,100.0,66.66666666666666,267.0,9.0,13.0
wimbledon,R32,2021,49.0,95.0,14.0,74.0,32.0,9.0,8.0,14.0,7.446808510638298,4.787234042553192,50.53191489361703,77.89473684210526,52.68817204301075,57.14285714285714,57.14285714285714,100.0,65.42553191489363,188.0,8.0,6.0
wimbledon,R32,2022,34.0,94.0,18.0,64.0,25.0,9.0,11.0,7.0,4.3478260869565215,5.590062111801243,58.38509316770186,68.08510638297872,50.74626865671642,61.111111111111114,61.111111111111114,100.0,60.86956521739131,161.0,6.0,1.0
wimbledon,R32,2023,45.0,87.0,9.0,70.0,29.0,1.0,5.0,17.0,10.179640718562874,0.5988023952095809,52.09580838323353,80.45977011494253,56.25,55.55555555555556,55.55555555555556,100.0,68.8622754491018,167.0,11.0,6.0
wimbledon,R32,2024,37.0,176.0,10.0,141.0,41.0,7.0,7.0,38.0,15.447154471544716,2.8455284552845526,71.54471544715447,80.11363636363636,52.85714285714286,70.0,70.0,100.0,72.35772357723577,246.0,19.0,19.0
wimbledon,R64,2005,64.0,213.0,35.0,151.0,52.0,9.0,19.0,14.0,3.943661971830986,2.535211267605634,60.0,70.89201877934272,45.07042253521127,54.285714285714285,54.285714285714285,100.0,60.56338028169014,355.0,8.0,6.0
wimbledon,R64,2006,27.0,137.0,20.0,91.0,30.0,6.0,11.0,3.0,1.4925373134328357,2.9850746268656714,68.1592039800995,66.42335766423358,42.1875,55.00000000000001,55.00000000000001,100.0,58.70646766169154,201.0,2.0,1.0
wimbledon,R64,2007,38.0,152.0,17.0,117.0,39.0,6.0,10.0,27.0,11.688311688311687,2.5974025974025974,65.80086580086581,76.97368421052632,48.10126582278481,58.82352941176471,58.82352941176471,100.0,67.09956709956711,231.0,8.0,19.0
wimbledon,R64,2008,37.0,117.0,13.0,89.0,30.0,13.0,8.0,11.0,5.729166666666666,6.770833333333333,60.9375,76.06837606837607,49.333333333333336,61.53846153846154,61.53846153846154,100.0,65.625,192.0,7.0,4.0
wimbledon,R64,2009,34.0,116.0,25.0,66.0,29.0,8.0,13.0,13.0,7.065217391304348,4.3478260869565215,63.04347826086957,56.896551724137936,50.0,52.0,52.0,100.0,54.347826086956516,184.0,13.0,0.0
wimbledon,R64,2010,40.0,109.0,7.0,90.0,29.0,12.0,4.0,21.0,10.824742268041238,6.185567010309279,56.18556701030928,82.56880733944955,47.05882352941176,57.14285714285714,57.14285714285714,100.0,67.0103092783505,194.0,9.0,12.0
wimbledon,R64,2011,21.0,114.0,15.0,78.0,27.0,7.0,9.0,15.0,9.433962264150944,4.40251572327044,71.69811320754717,68.42105263157895,46.666666666666664,60.0,60.0,100.0,62.264150943396224,159.0,7.0,8.0
wimbledon,R64,2012,34.0,118.0,9.0,88.0,30.0,5.0,6.0,16.0,9.248554913294797,2.8901734104046244,68.20809248554913,74.57627118644068,61.81818181818181,66.66666666666666,66.66666666666666,100.0,70.52023121387283,173.0,8.0,8.0
wimbledon,R64,2013,37.0,125.0,18.0,92.0,28.0,5.0,14.0,20.0,10.309278350515463,2.5773195876288657,64.43298969072166,73.6,53.62318840579711,77.77777777777779,77.77777777777779,100.0,66.49484536082474,194.0,12.0,8.0
wimbledon,R64,2014,49.0,193.0,12.0,149.0,43.0,4.0,10.0,27.0,9.310344827586208,1.3793103448275863,66.55172413793103,77.2020725388601,50.51546391752577,83.33333333333334,83.33333333333334,100.0,68.27586206896552,290.0,18.0,9.0
wimbledon,R64,2015,29.0,109.0,15.0,75.0,27.0,3.0,9.0,10.0,6.25,1.875,68.125,68.80733944954129,56.86274509803921,60.0,60.0,100.0,65.0,160.0,8.0,2.0
wimbledon,R64,2016,32.0,128.0,16.0,102.0,31.0,11.0,12.0,11.0,5.555555555555555,5.555555555555555,64.64646464646465,79.6875,45.714285714285715,75.0,75.0,100.0,67.67676767676768,198.0,6.0,5.0
wimbledon,R64,2017,29.0,86.0,19.0,59.0,23.0,5.0,12.0,9.0,6.25,3.4722222222222223,59.72222222222222,68.6046511627907,50.0,63.1578947368421,63.1578947368421,100.0,61.111111111111114,144.0,4.0,5.0
wimbledon,R64,2018,15.0,98.0,16.0,75.0,24.0,5.0,10.0,22.0,15.492957746478872,3.5211267605633805,69.01408450704226,76.53061224489795,34.090909090909086,62.5,62.5,100.0,63.38028169014085,142.0,15.0,7.0
wimbledon,R64,2019,20.0,100.0,18.0,67.0,25.0,6.0,9.0,16.0,10.738255033557047,4.026845637583892,67.11409395973155,67.0,40.816326530612244,50.0,50.0,100.0,58.38926174496645,149.0,13.0,3.0
wimbledon,R64,2021,31.0,91.0,8.0,69.0,27.0,5.0,4.0,20.0,13.422818791946309,3.3557046979865772,61.07382550335571,75.82417582417582,53.44827586206896,50.0,50.0,100.0,67.11409395973155,149.0,9.0,11.0
wimbledon,R64,2022,24.0,106.0,14.0,79.0,25.0,8.0,9.0,12.0,7.5,5.0,66.25,74.52830188679245,44.44444444444444,64.28571428571429,64.28571428571429,100.0,64.375,160.0,1.0,11.0
wimbledon,R64,2023,37.0,132.0,5.0,110.0,34.0,2.0,3.0,29.0,14.572864321608039,1.0050251256281406,66.33165829145729,83.33333333333334,55.223880597014926,60.0,60.0,100.0,73.86934673366834,199.0,8.0,21.0
wimbledon,R64,2024,45.0,162.0,13.0,125.0,43.0,8.0,7.0,27.0,11.020408163265307,3.2653061224489797,66.12244897959184,77.1604938271605,54.21686746987952,53.84615384615385,53.84615384615385,100.0,69.38775510204081,245.0,14.0,13.0
wimbledon,SF,2007,24.0,82.0,12.0,58.0,21.0,2.0,7.0,11.0,8.333333333333332,1.5151515151515151,62.121212121212125,70.73170731707317,48.0,58.333333333333336,58.333333333333336,100.0,62.121212121212125,132.0,4.0,7.0
wimbledon,SF,2010,38.0,122.0,11.0,94.0,30.0,10.0,7.0,20.0,10.526315789473683,5.263157894736842,64.21052631578948,77.04918032786885,55.88235294117647,63.63636363636363,63.63636363636363,100.0,69.47368421052632,190.0,11.0,9.0
wimbledon,SF,2011,48.0,169.0,17.0,122.0,41.0,6.0,8.0,17.0,6.719367588932807,2.371541501976284,66.79841897233202,72.18934911242604,57.14285714285714,47.05882352941176,47.05882352941176,100.0,67.19367588932806,253.0,5.0,12.0
wimbledon,SF,2012,50.0,138.0,14.0,101.0,37.0,2.0,10.0,21.0,9.722222222222223,0.9259259259259258,63.888888888888886,73.18840579710145,64.1025641025641,71.42857142857143,71.42857142857143,100.0,69.9074074074074,216.0,12.0,9.0
wimbledon,SF,2013,63.0,237.0,22.0,184.0,55.0,6.0,17.0,26.0,7.065217391304348,1.6304347826086956,64.40217391304348,77.63713080168776,48.091603053435115,77.27272727272727,77.27272727272727,100.0,67.11956521739131,368.0,22.0,4.0
wimbledon,SF,2014,46.0,184.0,17.0,141.0,43.0,10.0,11.0,32.0,11.594202898550725,3.6231884057971016,66.66666666666666,76.63043478260869,50.0,64.70588235294117,64.70588235294117,100.0,67.7536231884058,276.0,17.0,15.0
wimbledon,SF,2015,41.0,132.0,12.0,96.0,32.0,8.0,8.0,18.0,8.530805687203792,3.7914691943127963,62.55924170616114,72.72727272727273,51.89873417721519,66.66666666666666,66.66666666666666,100.0,64.92890995260665,211.0,12.0,6.0
wimbledon,SF,2018,58.0,275.0,30.0,195.0,59.0,8.0,22.0,32.0,8.290155440414509,2.072538860103627,71.24352331606218,70.9090909090909,52.25225225225225,73.33333333333333,73.33333333333333,100.0,65.5440414507772,386.0,23.0,9.0
wimbledon,SF,2019,38.0,145.0,13.0,105.0,35.0,5.0,7.0,14.0,6.334841628959276,2.262443438914027,65.61085972850678,72.41379310344827,50.0,53.84615384615385,53.84615384615385,100.0,64.70588235294117,221.0,9.0,5.0
wimbledon,SF,2021,40.0,140.0,21.0,112.0,37.0,11.0,17.0,13.0,5.909090909090909,5.0,63.63636363636363,80.0,50.0,80.95238095238095,80.95238095238095,100.0,69.0909090909091,220.0,8.0,5.0
wimbledon,SF,2022,38.0,122.0,18.0,93.0,35.0,4.0,10.0,20.0,9.900990099009901,1.9801980198019802,60.396039603960396,76.22950819672131,47.5,55.55555555555556,55.55555555555556,100.0,64.85148514851485,202.0,13.0,7.0
wimbledon,SF,2023,48.0,119.0,15.0,90.0,32.0,3.0,13.0,19.0,9.405940594059405,1.4851485148514851,58.91089108910891,75.63025210084034,57.831325301204814,86.66666666666667,86.66666666666667,100.0,68.31683168316832,202.0,11.0,8.0
wimbledon,SF,2024,27.0,151.0,17.0,102.0,32.0,5.0,11.0,8.0,3.7383177570093453,2.336448598130841,70.56074766355141,67.54966887417218,42.857142857142854,64.70588235294117,64.70588235294117,100.0,60.280373831775705,214.0,6.0,2.0
